Date,Open,High,Low,Close,Volume,Dividends,Stock Splits
2020-01-01 00:00:00+05:30,1.25,1.350000023841858,1.25,1.2999999523162842,1335,0.0,0.0
2020-01-02 00:00:00+05:30,1.25,1.350000023841858,1.25,1.350000023841858,3068,0.0,0.0
2020-01-03 00:00:00+05:30,1.2999999523162842,1.399999976158142,1.2999999523162842,1.350000023841858,5751,0.0,0.0
2020-01-06 00:00:00+05:30,1.399999976158142,1.399999976158142,1.2999999523162842,1.399999976158142,4256,0.0,0.0
2020-01-07 00:00:00+05:30,1.350000023841858,1.350000023841858,1.350000023841858,1.350000023841858,6211,0.0,0.0
2020-01-08 00:00:00+05:30,1.2999999523162842,1.399999976158142,1.2999999523162842,1.2999999523162842,5150,0.0,0.0
2020-01-09 00:00:00+05:30,1.2999999523162842,1.2999999523162842,1.25,1.2999999523162842,1952,0.0,0.0
2020-01-10 00:00:00+05:30,1.2999999523162842,1.350000023841858,1.25,1.350000023841858,1850,0.0,0.0
2020-01-13 00:00:00+05:30,1.399999976158142,1.399999976158142,1.2999999523162842,1.2999999523162842,1552,0.0,0.0
2020-01-14 00:00:00+05:30,1.25,1.350000023841858,1.25,1.350000023841858,4291,0.0,0.0
2020-01-15 00:00:00+05:30,1.2999999523162842,1.399999976158142,1.2999999523162842,1.399999976158142,3502,0.0,0.0
2020-01-16 00:00:00+05:30,1.350000023841858,1.4500000476837158,1.350000023841858,1.399999976158142,7414,0.0,0.0
2020-01-17 00:00:00+05:30,1.399999976158142,1.4500000476837158,1.350000023841858,1.350000023841858,27793,0.0,0.0
2020-01-20 00:00:00+05:30,1.2999999523162842,1.399999976158142,1.2999999523162842,1.2999999523162842,11196,0.0,0.0
2020-01-21 00:00:00+05:30,1.350000023841858,1.350000023841858,1.25,1.2999999523162842,5060,0.0,0.0
2020-01-22 00:00:00+05:30,1.350000023841858,1.350000023841858,1.25,1.25,3237,0.0,0.0
2020-01-23 00:00:00+05:30,1.2999999523162842,1.2999999523162842,1.2000000476837158,1.2999999523162842,3247,0.0,0.0
2020-01-24 00:00:00+05:30,1.2999999523162842,1.350000023841858,1.25,1.350000023841858,4149,0.0,0.0
2020-01-27 00:00:00+05:30,1.350000023841858,1.350000023841858,1.350000023841858,1.350000023841858,2100,0.0,0.0
2020-01-28 00:00:00+05:30,1.2999999523162842,1.350000023841858,1.2999999523162842,1.2999999523162842,2728,0.0,0.0
2020-01-29 00:00:00+05:30,1.2999999523162842,1.2999999523162842,1.2999999523162842,1.2999999523162842,870,0.0,0.0
2020-01-30 00:00:00+05:30,1.25,1.2999999523162842,1.25,1.25,2222,0.0,0.0
2020-01-31 00:00:00+05:30,1.25,1.2999999523162842,1.25,1.25,4183,0.0,0.0
2020-02-03 00:00:00+05:30,1.25,1.25,1.2000000476837158,1.2000000476837158,3076,0.0,0.0
2020-02-04 00:00:00+05:30,1.25,1.25,1.149999976158142,1.149999976158142,8403,0.0,0.0
2020-02-05 00:00:00+05:30,1.100000023841858,1.2000000476837158,1.100000023841858,1.100000023841858,11498,0.0,0.0
2020-02-06 00:00:00+05:30,1.149999976158142,1.149999976158142,1.100000023841858,1.149999976158142,3248,0.0,0.0
2020-02-07 00:00:00+05:30,1.2000000476837158,1.2000000476837158,1.100000023841858,1.2000000476837158,10978,0.0,0.0
2020-02-10 00:00:00+05:30,1.2000000476837158,1.2000000476837158,1.149999976158142,1.149999976158142,5451,0.0,0.0
2020-02-11 00:00:00+05:30,1.2000000476837158,1.2000000476837158,1.100000023841858,1.149999976158142,4751,0.0,0.0
2020-02-12 00:00:00+05:30,1.100000023841858,1.149999976158142,1.100000023841858,1.100000023841858,9743,0.0,0.0
2020-02-13 00:00:00+05:30,1.100000023841858,1.100000023841858,1.0499999523162842,1.0499999523162842,14910,0.0,0.0
2020-02-14 00:00:00+05:30,1.0,1.100000023841858,1.0,1.0,14181,0.0,0.0
2020-02-17 00:00:00+05:30,1.0,1.0499999523162842,0.949999988079071,1.0499999523162842,3964,0.0,0.0
2020-02-18 00:00:00+05:30,1.0,1.0499999523162842,1.0,1.0,790,0.0,0.0
2020-02-19 00:00:00+05:30,1.0,1.0499999523162842,0.949999988079071,1.0,12275,0.0,0.0
2020-02-20 00:00:00+05:30,1.0499999523162842,1.0499999523162842,1.0,1.0,16522,0.0,0.0
2020-02-24 00:00:00+05:30,1.0,1.0499999523162842,1.0,1.0,6732,0.0,0.0
2020-02-25 00:00:00+05:30,1.0,1.0499999523162842,1.0,1.0,9308,0.0,0.0
2020-02-26 00:00:00+05:30,1.0,1.0499999523162842,1.0,1.0,1566,0.0,0.0
2020-02-27 00:00:00+05:30,0.949999988079071,1.0499999523162842,0.949999988079071,1.0499999523162842,1722,0.0,0.0
2020-02-28 00:00:00+05:30,1.0499999523162842,1.0499999523162842,1.0,1.0,1297,0.0,0.0
2020-03-02 00:00:00+05:30,0.949999988079071,1.0499999523162842,0.949999988079071,0.949999988079071,1950,0.0,0.0
2020-03-03 00:00:00+05:30,0.949999988079071,0.949999988079071,0.949999988079071,0.949999988079071,0,0.0,0.0
2020-03-04 00:00:00+05:30,0.949999988079071,0.949999988079071,0.949999988079071,0.949999988079071,0,0.0,0.0
2020-03-05 00:00:00+05:30,0.949999988079071,0.949999988079071,0.949999988079071,0.949999988079071,0,0.0,0.0
2020-03-06 00:00:00+05:30,0.75,0.75,0.75,0.75,6500,0.0,0.0
2020-03-09 00:00:00+05:30,0.699999988079071,0.699999988079071,0.699999988079071,0.699999988079071,4150,0.0,0.0
2020-03-11 00:00:00+05:30,0.6499999761581421,0.6499999761581421,0.6499999761581421,0.6499999761581421,200,0.0,0.0
2020-03-12 00:00:00+05:30,0.6000000238418579,0.6000000238418579,0.6000000238418579,0.6000000238418579,2300,0.0,0.0
2020-03-13 00:00:00+05:30,0.6000000238418579,0.6000000238418579,0.6000000238418579,0.6000000238418579,0,0.0,0.0
2020-03-16 00:00:00+05:30,0.5,0.550000011920929,0.5,0.5,702,0.0,0.0
2020-03-17 00:00:00+05:30,0.44999998807907104,0.550000011920929,0.44999998807907104,0.550000011920929,12720,0.0,0.0
2020-03-18 00:00:00+05:30,0.6000000238418579,0.6000000238418579,0.6000000238418579,0.6000000238418579,8102,0.0,0.0
2020-03-19 00:00:00+05:30,0.6000000238418579,0.6499999761581421,0.6000000238418579,0.6499999761581421,5832,0.0,0.0
2020-03-20 00:00:00+05:30,0.6499999761581421,0.6499999761581421,0.6000000238418579,0.6000000238418579,880,0.0,0.0
2020-03-23 00:00:00+05:30,0.6000000238418579,0.6000000238418579,0.6000000238418579,0.6000000238418579,126,0.0,0.0
2020-03-24 00:00:00+05:30,0.6000000238418579,0.6000000238418579,0.6000000238418579,0.6000000238418579,0,0.0,0.0
2020-03-25 00:00:00+05:30,0.6000000238418579,0.6000000238418579,0.6000000238418579,0.6000000238418579,0,0.0,0.0
2020-03-26 00:00:00+05:30,0.6000000238418579,0.6000000238418579,0.6000000238418579,0.6000000238418579,5569,0.0,0.0
2020-03-27 00:00:00+05:30,0.550000011920929,0.550000011920929,0.550000011920929,0.550000011920929,1687,0.0,0.0
2020-03-30 00:00:00+05:30,0.5,0.6000000238418579,0.5,0.6000000238418579,13100,0.0,0.0
2020-03-31 00:00:00+05:30,0.6000000238418579,0.6499999761581421,0.6000000238418579,0.6499999761581421,2500,0.0,0.0
2020-04-01 00:00:00+05:30,0.6499999761581421,0.6499999761581421,0.6499999761581421,0.6499999761581421,5150,0.0,0.0
2020-04-03 00:00:00+05:30,0.6499999761581421,0.6499999761581421,0.6000000238418579,0.6000000238418579,1959,0.0,0.0
2020-04-07 00:00:00+05:30,0.6000000238418579,0.6499999761581421,0.6000000238418579,0.6499999761581421,956,0.0,0.0
2020-04-08 00:00:00+05:30,0.699999988079071,0.699999988079071,0.699999988079071,0.699999988079071,2715,0.0,0.0
2020-04-09 00:00:00+05:30,0.75,0.75,0.699999988079071,0.75,4839,0.0,0.0
2020-04-13 00:00:00+05:30,0.800000011920929,0.800000011920929,0.800000011920929,0.800000011920929,849,0.0,0.0
2020-04-15 00:00:00+05:30,0.8500000238418579,0.8500000238418579,0.8500000238418579,0.8500000238418579,5,0.0,0.0
2020-04-16 00:00:00+05:30,0.8500000238418579,0.8999999761581421,0.8500000238418579,0.8999999761581421,1899,0.0,0.0
2020-04-17 00:00:00+05:30,0.8999999761581421,0.949999988079071,0.8500000238418579,0.8500000238418579,19567,0.0,0.0
2020-04-20 00:00:00+05:30,0.8999999761581421,0.8999999761581421,0.8999999761581421,0.8999999761581421,1129,0.0,0.0
2020-04-21 00:00:00+05:30,0.949999988079071,0.949999988079071,0.8500000238418579,0.949999988079071,7097,0.0,0.0
2020-04-22 00:00:00+05:30,0.8999999761581421,1.0,0.8999999761581421,0.8999999761581421,5445,0.0,0.0
2020-04-23 00:00:00+05:30,0.8500000238418579,0.949999988079071,0.8500000238418579,0.949999988079071,985,0.0,0.0
2020-04-24 00:00:00+05:30,0.949999988079071,1.0,0.8999999761581421,0.949999988079071,1789,0.0,0.0
2020-04-27 00:00:00+05:30,1.0,1.0,0.949999988079071,1.0,13366,0.0,0.0
2020-04-28 00:00:00+05:30,1.0,1.0499999523162842,1.0,1.0499999523162842,3107,0.0,0.0
2020-04-29 00:00:00+05:30,1.100000023841858,1.100000023841858,1.100000023841858,1.100000023841858,4661,0.0,0.0
2020-04-30 00:00:00+05:30,1.149999976158142,1.149999976158142,1.100000023841858,1.149999976158142,5135,0.0,0.0
2020-05-04 00:00:00+05:30,1.2000000476837158,1.2000000476837158,1.149999976158142,1.2000000476837158,8189,0.0,0.0
2020-05-05 00:00:00+05:30,1.2000000476837158,1.25,1.149999976158142,1.25,5685,0.0,0.0
2020-05-06 00:00:00+05:30,1.2999999523162842,1.2999999523162842,1.25,1.25,26900,0.0,0.0
2020-05-07 00:00:00+05:30,1.25,1.25,1.2000000476837158,1.2000000476837158,4104,0.0,0.0
2020-05-08 00:00:00+05:30,1.149999976158142,1.25,1.149999976158142,1.25,7930,0.0,0.0
2020-05-11 00:00:00+05:30,1.25,1.2999999523162842,1.25,1.2999999523162842,4262,0.0,0.0
2020-05-12 00:00:00+05:30,1.25,1.350000023841858,1.25,1.350000023841858,15108,0.0,0.0
2020-05-13 00:00:00+05:30,1.399999976158142,1.399999976158142,1.350000023841858,1.399999976158142,18214,0.0,0.0
2020-05-14 00:00:00+05:30,1.4500000476837158,1.4500000476837158,1.4500000476837158,1.4500000476837158,8777,0.0,0.0
2020-05-15 00:00:00+05:30,1.4500000476837158,1.5,1.4500000476837158,1.5,284,0.0,0.0
2020-05-18 00:00:00+05:30,1.5,1.5499999523162842,1.5,1.5,2850,0.0,0.0
2020-05-19 00:00:00+05:30,1.5499999523162842,1.5499999523162842,1.4500000476837158,1.5499999523162842,10301,0.0,0.0
2020-05-20 00:00:00+05:30,1.600000023841858,1.600000023841858,1.600000023841858,1.600000023841858,4600,0.0,0.0
2020-05-21 00:00:00+05:30,1.600000023841858,1.600000023841858,1.5499999523162842,1.600000023841858,5895,0.0,0.0
2020-05-22 00:00:00+05:30,1.600000023841858,1.600000023841858,1.5499999523162842,1.600000023841858,1260,0.0,0.0
2020-05-26 00:00:00+05:30,1.600000023841858,1.600000023841858,1.5499999523162842,1.5499999523162842,2740,0.0,0.0
2020-05-27 00:00:00+05:30,1.5,1.5499999523162842,1.5,1.5499999523162842,1041,0.0,0.0
2020-05-28 00:00:00+05:30,1.5,1.5,1.5,1.5,65,0.0,0.0
2020-05-29 00:00:00+05:30,1.4500000476837158,1.5499999523162842,1.4500000476837158,1.5,1910,0.0,0.0
2020-06-01 00:00:00+05:30,1.4500000476837158,1.5499999523162842,1.4500000476837158,1.5499999523162842,3939,0.0,0.0
2020-06-02 00:00:00+05:30,1.600000023841858,1.600000023841858,1.600000023841858,1.600000023841858,3263,0.0,0.0
2020-06-03 00:00:00+05:30,1.600000023841858,1.600000023841858,1.5499999523162842,1.600000023841858,2485,0.0,0.0
2020-06-04 00:00:00+05:30,1.600000023841858,1.649999976158142,1.5499999523162842,1.649999976158142,7201,0.0,0.0
2020-06-05 00:00:00+05:30,1.649999976158142,1.7000000476837158,1.600000023841858,1.7000000476837158,22316,0.0,0.0
2020-06-08 00:00:00+05:30,1.75,1.75,1.75,1.75,4587,0.0,0.0
2020-06-09 00:00:00+05:30,1.75,1.7999999523162842,1.7000000476837158,1.7999999523162842,10886,0.0,0.0
2020-06-10 00:00:00+05:30,1.7999999523162842,1.850000023841858,1.7999999523162842,1.850000023841858,3521,0.0,0.0
2020-06-11 00:00:00+05:30,1.899999976158142,1.899999976158142,1.899999976158142,1.899999976158142,4031,0.0,0.0
2020-06-12 00:00:00+05:30,1.899999976158142,1.9500000476837158,1.899999976158142,1.9500000476837158,6250,0.0,0.0
2020-06-15 00:00:00+05:30,2.0,2.0,2.0,2.0,4565,0.0,0.0
2020-06-16 00:00:00+05:30,2.0999999046325684,2.0999999046325684,2.0999999046325684,2.0999999046325684,1168,0.0,0.0
2020-06-17 00:00:00+05:30,2.0999999046325684,2.200000047683716,2.0999999046325684,2.200000047683716,3502,0.0,0.0
2020-06-18 00:00:00+05:30,2.200000047683716,2.299999952316284,2.200000047683716,2.299999952316284,15496,0.0,0.0
2020-06-19 00:00:00+05:30,2.4000000953674316,2.4000000953674316,2.4000000953674316,2.4000000953674316,181,0.0,0.0
2020-06-22 00:00:00+05:30,2.450000047683716,2.5,2.450000047683716,2.5,27519,0.0,0.0
2020-06-23 00:00:00+05:30,2.5999999046325684,2.5999999046325684,2.5999999046325684,2.5999999046325684,12611,0.0,0.0
2020-06-24 00:00:00+05:30,2.700000047683716,2.700000047683716,2.700000047683716,2.700000047683716,450,0.0,0.0
2020-06-25 00:00:00+05:30,2.799999952316284,2.799999952316284,2.75,2.799999952316284,21016,0.0,0.0
2020-06-26 00:00:00+05:30,2.9000000953674316,2.9000000953674316,2.9000000953674316,2.9000000953674316,9616,0.0,0.0
2020-06-29 00:00:00+05:30,3.0,3.0,3.0,3.0,7607,0.0,0.0
2020-06-30 00:00:00+05:30,3.1500000953674316,3.1500000953674316,3.1500000953674316,3.1500000953674316,1719,0.0,0.0
2020-07-01 00:00:00+05:30,3.299999952316284,3.299999952316284,3.299999952316284,3.299999952316284,4218,0.0,0.0
2020-07-02 00:00:00+05:30,3.450000047683716,3.450000047683716,3.450000047683716,3.450000047683716,2911,0.0,0.0
2020-07-03 00:00:00+05:30,3.5999999046325684,3.5999999046325684,3.5999999046325684,3.5999999046325684,38631,0.0,0.0
2020-07-06 00:00:00+05:30,3.75,3.75,3.450000047683716,3.450000047683716,8950,0.0,0.0
2020-07-07 00:00:00+05:30,3.299999952316284,3.299999952316284,3.299999952316284,3.299999952316284,8010,0.0,0.0
2020-07-08 00:00:00+05:30,3.1500000953674316,3.1500000953674316,3.1500000953674316,3.1500000953674316,110,0.0,0.0
2020-07-09 00:00:00+05:30,3.0,3.0,3.0,3.0,2649,0.0,0.0
2020-07-10 00:00:00+05:30,2.8499999046325684,3.1500000953674316,2.8499999046325684,2.8499999046325684,9824,0.0,0.0
2020-07-13 00:00:00+05:30,2.8499999046325684,2.8499999046325684,2.75,2.75,910,0.0,0.0
2020-07-14 00:00:00+05:30,2.75,2.75,2.75,2.75,0,0.0,0.0
2020-07-15 00:00:00+05:30,2.549999952316284,2.549999952316284,2.549999952316284,2.549999952316284,62,0.0,0.0
2020-07-16 00:00:00+05:30,2.450000047683716,2.450000047683716,2.450000047683716,2.450000047683716,329,0.0,0.0
2020-07-17 00:00:00+05:30,2.3499999046325684,2.549999952316284,2.3499999046325684,2.3499999046325684,8291,0.0,0.0
2020-07-20 00:00:00+05:30,2.25,2.450000047683716,2.25,2.3499999046325684,9689,0.0,0.0
2020-07-21 00:00:00+05:30,2.450000047683716,2.450000047683716,2.3499999046325684,2.3499999046325684,12173,0.0,0.0
2020-07-22 00:00:00+05:30,2.299999952316284,2.450000047683716,2.299999952316284,2.4000000953674316,3062,0.0,0.0
2020-07-23 00:00:00+05:30,2.299999952316284,2.4000000953674316,2.299999952316284,2.299999952316284,534,0.0,0.0
2020-07-24 00:00:00+05:30,2.200000047683716,2.4000000953674316,2.200000047683716,2.299999952316284,1986,0.0,0.0
2020-07-27 00:00:00+05:30,2.200000047683716,2.4000000953674316,2.200000047683716,2.4000000953674316,2490,0.0,0.0
2020-07-28 00:00:00+05:30,2.299999952316284,2.299999952316284,2.299999952316284,2.299999952316284,2050,0.0,0.0
2020-07-29 00:00:00+05:30,2.200000047683716,2.4000000953674316,2.200000047683716,2.200000047683716,11858,0.0,0.0
2020-07-30 00:00:00+05:30,2.0999999046325684,2.299999952316284,2.0999999046325684,2.0999999046325684,3609,0.0,0.0
2020-07-31 00:00:00+05:30,2.0,2.200000047683716,2.0,2.0999999046325684,2385,0.0,0.0
2020-08-03 00:00:00+05:30,2.0,2.0,2.0,2.0,2865,0.0,0.0
2020-08-04 00:00:00+05:30,1.899999976158142,2.0,1.899999976158142,1.9500000476837158,6688,0.0,0.0
2020-08-05 00:00:00+05:30,1.899999976158142,2.0,1.899999976158142,1.899999976158142,6650,0.0,0.0
2020-08-06 00:00:00+05:30,1.899999976158142,1.899999976158142,1.850000023841858,1.850000023841858,14075,0.0,0.0
2020-08-07 00:00:00+05:30,1.850000023841858,1.850000023841858,1.7999999523162842,1.7999999523162842,25059,0.0,0.0
2020-08-10 00:00:00+05:30,1.7999999523162842,1.7999999523162842,1.75,1.75,9722,0.0,0.0
2020-08-11 00:00:00+05:30,1.7999999523162842,1.7999999523162842,1.7999999523162842,1.7999999523162842,3556,0.0,0.0
2020-08-12 00:00:00+05:30,1.850000023841858,1.850000023841858,1.850000023841858,1.850000023841858,1011,0.0,0.0
2020-08-13 00:00:00+05:30,1.899999976158142,1.899999976158142,1.899999976158142,1.899999976158142,2481,0.0,0.0
2020-08-14 00:00:00+05:30,1.9500000476837158,1.9500000476837158,1.9500000476837158,1.9500000476837158,2501,0.0,0.0
2020-08-17 00:00:00+05:30,2.0,2.0,2.0,2.0,1169,0.0,0.0
2020-08-18 00:00:00+05:30,2.0999999046325684,2.0999999046325684,2.0999999046325684,2.0999999046325684,800,0.0,0.0
2020-08-19 00:00:00+05:30,2.200000047683716,2.200000047683716,2.200000047683716,2.200000047683716,2550,0.0,0.0
2020-08-20 00:00:00+05:30,2.299999952316284,2.299999952316284,2.299999952316284,2.299999952316284,6506,0.0,0.0
2020-08-21 00:00:00+05:30,2.299999952316284,2.4000000953674316,2.200000047683716,2.299999952316284,21390,0.0,0.0
2020-08-24 00:00:00+05:30,2.25,2.4000000953674316,2.200000047683716,2.299999952316284,14893,0.0,0.0
2020-08-25 00:00:00+05:30,2.200000047683716,2.3499999046325684,2.200000047683716,2.3499999046325684,5920,0.0,0.0
2020-08-26 00:00:00+05:30,2.25,2.450000047683716,2.25,2.4000000953674316,20850,0.0,0.0
2020-08-27 00:00:00+05:30,2.4000000953674316,2.5,2.299999952316284,2.5,16950,0.0,0.0
2020-08-28 00:00:00+05:30,2.5999999046325684,2.5999999046325684,2.4000000953674316,2.4000000953674316,4869,0.0,0.0
2020-08-31 00:00:00+05:30,2.299999952316284,2.299999952316284,2.299999952316284,2.299999952316284,5250,0.0,0.0
2020-09-01 00:00:00+05:30,2.200000047683716,2.200000047683716,2.200000047683716,2.200000047683716,6026,0.0,0.0
2020-09-02 00:00:00+05:30,2.0999999046325684,2.0999999046325684,2.0999999046325684,2.0999999046325684,1320,0.0,0.0
2020-09-03 00:00:00+05:30,2.0,2.0,2.0,2.0,10612,0.0,0.0
2020-09-04 00:00:00+05:30,1.899999976158142,2.0999999046325684,1.899999976158142,2.049999952316284,6313,0.0,0.0
2020-09-07 00:00:00+05:30,2.0999999046325684,2.1500000953674316,2.0999999046325684,2.0999999046325684,4482,0.0,0.0
2020-09-08 00:00:00+05:30,2.0999999046325684,2.0999999046325684,2.0,2.0999999046325684,27082,0.0,0.0
2020-09-09 00:00:00+05:30,2.0,2.049999952316284,2.0,2.049999952316284,403,0.0,0.0
2020-09-10 00:00:00+05:30,1.9500000476837158,2.1500000953674316,1.9500000476837158,2.049999952316284,7839,0.0,0.0
2020-09-11 00:00:00+05:30,2.049999952316284,2.049999952316284,2.0,2.0,8296,0.0,0.0
2020-09-14 00:00:00+05:30,2.049999952316284,2.0999999046325684,1.9500000476837158,2.0,9400,0.0,0.0
2020-09-15 00:00:00+05:30,2.0,2.0999999046325684,1.9500000476837158,1.9500000476837158,3568,0.0,0.0
2020-09-16 00:00:00+05:30,1.9500000476837158,1.9500000476837158,1.9500000476837158,1.9500000476837158,17454,0.0,0.0
2020-09-17 00:00:00+05:30,1.9500000476837158,1.9500000476837158,1.899999976158142,1.899999976158142,15058,0.0,0.0
2020-09-18 00:00:00+05:30,1.9500000476837158,1.9500000476837158,1.9500000476837158,1.9500000476837158,10309,0.0,0.0
2020-09-21 00:00:00+05:30,2.0,2.0,2.0,2.0,22145,0.0,0.0
2020-09-22 00:00:00+05:30,2.0999999046325684,2.0999999046325684,1.9500000476837158,1.9500000476837158,8872,0.0,0.0
2020-09-23 00:00:00+05:30,1.899999976158142,2.0,1.899999976158142,1.899999976158142,12046,0.0,0.0
2020-09-24 00:00:00+05:30,1.9500000476837158,1.9500000476837158,1.899999976158142,1.899999976158142,14251,0.0,0.0
2020-09-25 00:00:00+05:30,1.899999976158142,1.899999976158142,1.899999976158142,1.899999976158142,4720,0.0,0.0
2020-09-28 00:00:00+05:30,1.850000023841858,1.850000023841858,1.850000023841858,1.850000023841858,4456,0.0,0.0
2020-09-29 00:00:00+05:30,1.899999976158142,1.899999976158142,1.7999999523162842,1.7999999523162842,6275,0.0,0.0
2020-09-30 00:00:00+05:30,1.7999999523162842,1.7999999523162842,1.7999999523162842,1.7999999523162842,586,0.0,0.0
2020-10-01 00:00:00+05:30,1.7999999523162842,1.7999999523162842,1.7999999523162842,1.7999999523162842,531,0.0,0.0
2020-10-05 00:00:00+05:30,1.7999999523162842,1.850000023841858,1.7999999523162842,1.850000023841858,1894,0.0,0.0
2020-10-06 00:00:00+05:30,1.899999976158142,1.899999976158142,1.899999976158142,1.899999976158142,1704,0.0,0.0
2020-10-07 00:00:00+05:30,1.9500000476837158,1.9500000476837158,1.9500000476837158,1.9500000476837158,10511,0.0,0.0
2020-10-08 00:00:00+05:30,1.9500000476837158,2.0,1.899999976158142,1.899999976158142,4377,0.0,0.0
2020-10-09 00:00:00+05:30,1.850000023841858,1.9500000476837158,1.850000023841858,1.9500000476837158,5609,0.0,0.0
2020-10-12 00:00:00+05:30,1.899999976158142,1.9500000476837158,1.899999976158142,1.899999976158142,10810,0.0,0.0
2020-10-13 00:00:00+05:30,1.850000023841858,1.9500000476837158,1.850000023841858,1.9500000476837158,4364,0.0,0.0
2020-10-14 00:00:00+05:30,2.0,2.0,1.899999976158142,1.899999976158142,1965,0.0,0.0
2020-10-15 00:00:00+05:30,1.850000023841858,1.850000023841858,1.850000023841858,1.850000023841858,430,0.0,0.0
2020-10-16 00:00:00+05:30,1.899999976158142,1.899999976158142,1.899999976158142,1.899999976158142,3618,0.0,0.0
2020-10-19 00:00:00+05:30,1.899999976158142,1.899999976158142,1.850000023841858,1.850000023841858,1555,0.0,0.0
2020-10-20 00:00:00+05:30,1.850000023841858,1.899999976158142,1.850000023841858,1.850000023841858,2500,0.0,0.0
2020-10-21 00:00:00+05:30,1.850000023841858,1.850000023841858,1.7999999523162842,1.7999999523162842,1961,0.0,0.0
2020-10-22 00:00:00+05:30,1.75,1.850000023841858,1.75,1.850000023841858,9921,0.0,0.0
2020-10-23 00:00:00+05:30,1.7999999523162842,1.7999999523162842,1.7999999523162842,1.7999999523162842,13163,0.0,0.0
2020-10-26 00:00:00+05:30,1.7999999523162842,1.850000023841858,1.7999999523162842,1.850000023841858,2150,0.0,0.0
2020-10-27 00:00:00+05:30,1.7999999523162842,1.850000023841858,1.7999999523162842,1.850000023841858,2610,0.0,0.0
2020-10-28 00:00:00+05:30,1.850000023841858,1.850000023841858,1.7999999523162842,1.7999999523162842,1450,0.0,0.0
2020-10-29 00:00:00+05:30,1.7999999523162842,1.7999999523162842,1.75,1.75,1468,0.0,0.0
2020-10-30 00:00:00+05:30,1.7000000476837158,1.7999999523162842,1.7000000476837158,1.7000000476837158,1599,0.0,0.0
2020-11-02 00:00:00+05:30,1.7000000476837158,1.7000000476837158,1.649999976158142,1.649999976158142,551,0.0,0.0
2020-11-03 00:00:00+05:30,1.649999976158142,1.649999976158142,1.600000023841858,1.649999976158142,26390,0.0,0.0
2020-11-04 00:00:00+05:30,1.600000023841858,1.7000000476837158,1.600000023841858,1.600000023841858,17991,0.0,0.0
2020-11-05 00:00:00+05:30,1.5499999523162842,1.5499999523162842,1.5499999523162842,1.5499999523162842,283,0.0,0.0
2020-11-06 00:00:00+05:30,1.600000023841858,1.600000023841858,1.5,1.5,6338,0.0,0.0
2020-11-09 00:00:00+05:30,1.4500000476837158,1.5499999523162842,1.4500000476837158,1.4500000476837158,8224,0.0,0.0
2020-11-10 00:00:00+05:30,1.399999976158142,1.5,1.399999976158142,1.5,22795,0.0,0.0
2020-11-11 00:00:00+05:30,1.5,1.5499999523162842,1.4500000476837158,1.4500000476837158,7311,0.0,0.0
2020-11-12 00:00:00+05:30,1.4500000476837158,1.4500000476837158,1.399999976158142,1.4500000476837158,2325,0.0,0.0
2020-11-13 00:00:00+05:30,1.399999976158142,1.5,1.399999976158142,1.399999976158142,12890,0.0,0.0
2020-11-14 00:00:00+05:30,1.399999976158142,1.4500000476837158,1.350000023841858,1.399999976158142,1628,0.0,0.0
2020-11-17 00:00:00+05:30,1.399999976158142,1.4500000476837158,1.399999976158142,1.4500000476837158,4730,0.0,0.0
2020-11-18 00:00:00+05:30,1.5,1.5,1.399999976158142,1.5,13303,0.0,0.0
2020-11-19 00:00:00+05:30,1.5,1.5499999523162842,1.4500000476837158,1.4500000476837158,18984,0.0,0.0
2020-11-20 00:00:00+05:30,1.399999976158142,1.5,1.399999976158142,1.5,7891,0.0,0.0
2020-11-23 00:00:00+05:30,1.5,1.5,1.4500000476837158,1.4500000476837158,1437,0.0,0.0
2020-11-24 00:00:00+05:30,1.5,1.5,1.399999976158142,1.5,11577,0.0,0.0
2020-11-25 00:00:00+05:30,1.5,1.5499999523162842,1.5,1.5,12844,0.0,0.0
2020-11-26 00:00:00+05:30,1.5,1.5499999523162842,1.5,1.5499999523162842,1052,0.0,0.0
2020-11-27 00:00:00+05:30,1.5499999523162842,1.600000023841858,1.5,1.600000023841858,25216,0.0,0.0
2020-12-01 00:00:00+05:30,1.600000023841858,1.649999976158142,1.600000023841858,1.649999976158142,2005,0.0,0.0
2020-12-02 00:00:00+05:30,1.7000000476837158,1.7000000476837158,1.7000000476837158,1.7000000476837158,1067,0.0,0.0
2020-12-03 00:00:00+05:30,1.75,1.75,1.75,1.75,15764,0.0,0.0
2020-12-04 00:00:00+05:30,1.7999999523162842,1.7999999523162842,1.7999999523162842,1.7999999523162842,12833,0.0,0.0
2020-12-07 00:00:00+05:30,1.850000023841858,1.850000023841858,1.850000023841858,1.850000023841858,9829,0.0,0.0
2020-12-08 00:00:00+05:30,1.899999976158142,1.899999976158142,1.899999976158142,1.899999976158142,3884,0.0,0.0
2020-12-09 00:00:00+05:30,1.9500000476837158,1.9500000476837158,1.9500000476837158,1.9500000476837158,4378,0.0,0.0
2020-12-10 00:00:00+05:30,2.0,2.0,2.0,2.0,1202,0.0,0.0
2020-12-11 00:00:00+05:30,2.0999999046325684,2.0999999046325684,2.0999999046325684,2.0999999046325684,6255,0.0,0.0
2020-12-14 00:00:00+05:30,2.200000047683716,2.200000047683716,2.200000047683716,2.200000047683716,1796,0.0,0.0
2020-12-15 00:00:00+05:30,2.299999952316284,2.299999952316284,2.299999952316284,2.299999952316284,2368,0.0,0.0
2020-12-16 00:00:00+05:30,2.4000000953674316,2.4000000953674316,2.4000000953674316,2.4000000953674316,1188,0.0,0.0
2020-12-17 00:00:00+05:30,2.5,2.5,2.5,2.5,2980,0.0,0.0
2020-12-18 00:00:00+05:30,2.5999999046325684,2.5999999046325684,2.5999999046325684,2.5999999046325684,7160,0.0,0.0
2020-12-21 00:00:00+05:30,2.700000047683716,2.700000047683716,2.700000047683716,2.700000047683716,32051,0.0,0.0
2020-12-22 00:00:00+05:30,2.700000047683716,2.799999952316284,2.700000047683716,2.799999952316284,44863,0.0,0.0
2020-12-23 00:00:00+05:30,2.9000000953674316,2.9000000953674316,2.9000000953674316,2.9000000953674316,3880,0.0,0.0
2020-12-24 00:00:00+05:30,3.0,3.0,3.0,3.0,3826,0.0,0.0
2020-12-28 00:00:00+05:30,3.1500000953674316,3.1500000953674316,3.1500000953674316,3.1500000953674316,24450,0.0,0.0
2020-12-29 00:00:00+05:30,3.299999952316284,3.299999952316284,3.299999952316284,3.299999952316284,5280,0.0,0.0
2020-12-30 00:00:00+05:30,3.450000047683716,3.450000047683716,3.450000047683716,3.450000047683716,2812,0.0,0.0
2020-12-31 00:00:00+05:30,3.5999999046325684,3.5999999046325684,3.5999999046325684,3.5999999046325684,17057,0.0,0.0
2021-01-01 00:00:00+05:30,3.75,3.75,3.75,3.75,6743,0.0,0.0
2021-01-04 00:00:00+05:30,3.9000000953674316,3.9000000953674316,3.9000000953674316,3.9000000953674316,5980,0.0,0.0
2021-01-05 00:00:00+05:30,4.050000190734863,4.050000190734863,4.050000190734863,4.050000190734863,11701,0.0,0.0
2021-01-06 00:00:00+05:30,4.25,4.25,4.099999904632568,4.25,153590,0.0,0.0
2021-01-07 00:00:00+05:30,4.400000095367432,4.449999809265137,4.199999809265137,4.449999809265137,50823,0.0,0.0
2021-01-08 00:00:00+05:30,4.449999809265137,4.650000095367432,4.449999809265137,4.650000095367432,32252,0.0,0.0
2021-01-11 00:00:00+05:30,4.650000095367432,4.849999904632568,4.650000095367432,4.849999904632568,66757,0.0,0.0
2021-01-12 00:00:00+05:30,5.0,5.050000190734863,4.650000095367432,4.650000095367432,148569,0.0,0.0
2021-01-13 00:00:00+05:30,4.5,4.5,4.449999809265137,4.449999809265137,17977,0.0,0.0
2021-01-14 00:00:00+05:30,4.25,4.25,4.25,4.25,1837,0.0,0.0
2021-01-15 00:00:00+05:30,4.050000190734863,4.050000190734863,4.050000190734863,4.050000190734863,7011,0.0,0.0
2021-01-18 00:00:00+05:30,3.8499999046325684,3.8499999046325684,3.8499999046325684,3.8499999046325684,3017,0.0,0.0
2021-01-19 00:00:00+05:30,3.700000047683716,3.700000047683716,3.700000047683716,3.700000047683716,5369,0.0,0.0
2021-01-20 00:00:00+05:30,3.5999999046325684,3.6500000953674316,3.549999952316284,3.549999952316284,8069,0.0,0.0
2021-01-21 00:00:00+05:30,3.4000000953674316,3.5,3.4000000953674316,3.4000000953674316,12714,0.0,0.0
2021-01-22 00:00:00+05:30,3.25,3.25,3.25,3.25,3893,0.0,0.0
2021-01-25 00:00:00+05:30,3.0999999046325684,3.0999999046325684,3.0999999046325684,3.0999999046325684,7476,0.0,0.0
2021-01-27 00:00:00+05:30,3.1500000953674316,3.1500000953674316,2.950000047683716,3.0,35268,0.0,0.0
2021-01-28 00:00:00+05:30,2.9000000953674316,3.1500000953674316,2.8499999046325684,3.0,35891,0.0,0.0
2021-01-29 00:00:00+05:30,3.1500000953674316,3.1500000953674316,3.0,3.049999952316284,13633,0.0,0.0
2021-02-01 00:00:00+05:30,3.0,3.200000047683716,3.0,3.049999952316284,19853,0.0,0.0
2021-02-02 00:00:00+05:30,3.049999952316284,3.200000047683716,2.9000000953674316,3.049999952316284,23882,0.0,0.0
2021-02-03 00:00:00+05:30,2.9000000953674316,3.0,2.9000000953674316,2.950000047683716,21516,0.0,0.0
2021-02-04 00:00:00+05:30,3.049999952316284,3.049999952316284,2.8499999046325684,3.0,26305,0.0,0.0
2021-02-05 00:00:00+05:30,3.0,3.0,2.8499999046325684,2.9000000953674316,18282,0.0,0.0
2021-02-08 00:00:00+05:30,2.799999952316284,2.950000047683716,2.799999952316284,2.799999952316284,20149,0.0,0.0
2021-02-09 00:00:00+05:30,2.799999952316284,2.8499999046325684,2.700000047683716,2.700000047683716,25613,0.0,0.0
2021-02-10 00:00:00+05:30,2.700000047683716,2.799999952316284,2.5999999046325684,2.5999999046325684,51414,0.0,0.0
2021-02-11 00:00:00+05:30,2.5,2.700000047683716,2.5,2.5999999046325684,25673,0.0,0.0
2021-02-12 00:00:00+05:30,2.5999999046325684,2.700000047683716,2.5,2.5999999046325684,24170,0.0,0.0
2021-02-15 00:00:00+05:30,2.6500000953674316,2.6500000953674316,2.5,2.549999952316284,49841,0.0,0.0
2021-02-16 00:00:00+05:30,2.5,2.5999999046325684,2.5,2.549999952316284,62639,0.0,0.0
2021-02-17 00:00:00+05:30,2.5999999046325684,2.6500000953674316,2.5,2.549999952316284,21035,0.0,0.0
2021-02-18 00:00:00+05:30,2.6500000953674316,2.6500000953674316,2.5,2.5999999046325684,14768,0.0,0.0
2021-02-19 00:00:00+05:30,2.5999999046325684,2.700000047683716,2.5999999046325684,2.5999999046325684,14506,0.0,0.0
2021-02-22 00:00:00+05:30,2.700000047683716,2.700000047683716,2.5,2.5,33257,0.0,0.0
2021-02-23 00:00:00+05:30,2.4000000953674316,2.5999999046325684,2.4000000953674316,2.5,5225,0.0,0.0
2021-02-24 00:00:00+05:30,2.450000047683716,2.549999952316284,2.4000000953674316,2.4000000953674316,11761,0.0,0.0
2021-02-25 00:00:00+05:30,2.299999952316284,2.5,2.299999952316284,2.5,9050,0.0,0.0
2021-02-26 00:00:00+05:30,2.549999952316284,2.549999952316284,2.4000000953674316,2.549999952316284,7727,0.0,0.0
2021-03-01 00:00:00+05:30,2.549999952316284,2.5999999046325684,2.450000047683716,2.450000047683716,20127,0.0,0.0
2021-03-02 00:00:00+05:30,2.5,2.549999952316284,2.3499999046325684,2.450000047683716,24023,0.0,0.0
2021-03-03 00:00:00+05:30,2.3499999046325684,2.549999952316284,2.3499999046325684,2.450000047683716,35264,0.0,0.0
2021-03-04 00:00:00+05:30,2.450000047683716,2.549999952316284,2.450000047683716,2.549999952316284,33082,0.0,0.0
2021-03-05 00:00:00+05:30,2.549999952316284,2.549999952316284,2.450000047683716,2.5,18521,0.0,0.0
2021-03-08 00:00:00+05:30,2.4000000953674316,2.5999999046325684,2.4000000953674316,2.5,14221,0.0,0.0
2021-03-09 00:00:00+05:30,2.5,2.5999999046325684,2.5,2.5999999046325684,8373,0.0,0.0
2021-03-10 00:00:00+05:30,2.5999999046325684,2.700000047683716,2.5,2.700000047683716,17473,0.0,0.0
2021-03-12 00:00:00+05:30,2.700000047683716,2.799999952316284,2.700000047683716,2.799999952316284,35261,0.0,0.0
2021-03-15 00:00:00+05:30,2.799999952316284,2.8499999046325684,2.700000047683716,2.75,20030,0.0,0.0
2021-03-16 00:00:00+05:30,2.700000047683716,2.8499999046325684,2.700000047683716,2.8499999046325684,48761,0.0,0.0
2021-03-17 00:00:00+05:30,2.9000000953674316,2.950000047683716,2.9000000953674316,2.950000047683716,11496,0.0,0.0
2021-03-18 00:00:00+05:30,3.0,3.049999952316284,3.0,3.0,16296,0.0,0.0
2021-03-19 00:00:00+05:30,3.1500000953674316,3.1500000953674316,2.8499999046325684,2.950000047683716,28579,0.0,0.0
2021-03-22 00:00:00+05:30,2.950000047683716,3.0,2.8499999046325684,2.9000000953674316,16864,0.0,0.0
2021-03-23 00:00:00+05:30,2.9000000953674316,3.0,2.799999952316284,2.799999952316284,12659,0.0,0.0
2021-03-24 00:00:00+05:30,2.700000047683716,2.75,2.700000047683716,2.700000047683716,10586,0.0,0.0
2021-03-25 00:00:00+05:30,2.75,2.799999952316284,2.5999999046325684,2.700000047683716,21036,0.0,0.0
2021-03-26 00:00:00+05:30,2.700000047683716,2.700000047683716,2.5999999046325684,2.5999999046325684,9147,0.0,0.0
2021-03-30 00:00:00+05:30,2.6500000953674316,2.6500000953674316,2.5,2.5,18492,0.0,0.0
2021-03-31 00:00:00+05:30,2.4000000953674316,2.5999999046325684,2.4000000953674316,2.4000000953674316,22859,0.0,0.0
2021-04-01 00:00:00+05:30,2.299999952316284,2.5,2.299999952316284,2.4000000953674316,31017,0.0,0.0
2021-04-05 00:00:00+05:30,2.4000000953674316,2.5,2.299999952316284,2.4000000953674316,17452,0.0,0.0
2021-04-06 00:00:00+05:30,2.4000000953674316,2.5,2.299999952316284,2.3499999046325684,15735,0.0,0.0
2021-04-07 00:00:00+05:30,2.3499999046325684,2.4000000953674316,2.299999952316284,2.4000000953674316,1562,0.0,0.0
2021-04-08 00:00:00+05:30,2.299999952316284,2.450000047683716,2.299999952316284,2.4000000953674316,7388,0.0,0.0
2021-04-09 00:00:00+05:30,2.299999952316284,2.5,2.299999952316284,2.5,8434,0.0,0.0
2021-04-12 00:00:00+05:30,2.4000000953674316,2.5,2.4000000953674316,2.4000000953674316,7554,0.0,0.0
2021-04-13 00:00:00+05:30,2.5,2.5,2.299999952316284,2.4000000953674316,2175,0.0,0.0
2021-04-15 00:00:00+05:30,2.299999952316284,2.450000047683716,2.299999952316284,2.4000000953674316,5635,0.0,0.0
2021-04-16 00:00:00+05:30,2.4000000953674316,2.5,2.299999952316284,2.4000000953674316,6157,0.0,0.0
2021-04-19 00:00:00+05:30,2.299999952316284,2.4000000953674316,2.299999952316284,2.299999952316284,6544,0.0,0.0
2021-04-20 00:00:00+05:30,2.200000047683716,2.299999952316284,2.200000047683716,2.25,4819,0.0,0.0
2021-04-22 00:00:00+05:30,2.25,2.3499999046325684,2.1500000953674316,2.1500000953674316,19735,0.0,0.0
2021-04-23 00:00:00+05:30,2.049999952316284,2.25,2.049999952316284,2.1500000953674316,20354,0.0,0.0
2021-04-26 00:00:00+05:30,2.25,2.25,2.1500000953674316,2.25,9149,0.0,0.0
2021-04-27 00:00:00+05:30,2.3499999046325684,2.3499999046325684,2.1500000953674316,2.25,19443,0.0,0.0
2021-04-28 00:00:00+05:30,2.25,2.25,2.1500000953674316,2.1500000953674316,7979,0.0,0.0
2021-04-29 00:00:00+05:30,2.25,2.25,2.1500000953674316,2.200000047683716,13266,0.0,0.0
2021-04-30 00:00:00+05:30,2.299999952316284,2.299999952316284,2.200000047683716,2.200000047683716,11843,0.0,0.0
2021-05-03 00:00:00+05:30,2.0999999046325684,2.299999952316284,2.0999999046325684,2.25,89644,0.0,0.0
2021-05-04 00:00:00+05:30,2.3499999046325684,2.3499999046325684,2.200000047683716,2.200000047683716,41517,0.0,0.0
2021-05-05 00:00:00+05:30,2.200000047683716,2.299999952316284,2.200000047683716,2.200000047683716,5625,0.0,0.0
2021-05-06 00:00:00+05:30,2.200000047683716,2.299999952316284,2.1500000953674316,2.1500000953674316,12634,0.0,0.0
2021-05-07 00:00:00+05:30,2.1500000953674316,2.25,2.1500000953674316,2.200000047683716,19391,0.0,0.0
2021-05-10 00:00:00+05:30,2.0999999046325684,2.25,2.0999999046325684,2.1500000953674316,22347,0.0,0.0
2021-05-11 00:00:00+05:30,2.0999999046325684,2.25,2.0999999046325684,2.200000047683716,27276,0.0,0.0
2021-05-12 00:00:00+05:30,2.0999999046325684,2.299999952316284,2.0999999046325684,2.299999952316284,32601,0.0,0.0
2021-05-14 00:00:00+05:30,2.4000000953674316,2.4000000953674316,2.299999952316284,2.4000000953674316,36583,0.0,0.0
2021-05-17 00:00:00+05:30,2.5,2.5,2.3499999046325684,2.5,23752,0.0,0.0
2021-05-18 00:00:00+05:30,2.5,2.5999999046325684,2.5,2.5999999046325684,24396,0.0,0.0
2021-05-19 00:00:00+05:30,2.549999952316284,2.700000047683716,2.549999952316284,2.700000047683716,37192,0.0,0.0
2021-05-20 00:00:00+05:30,2.6500000953674316,2.799999952316284,2.6500000953674316,2.799999952316284,35659,0.0,0.0
2021-05-21 00:00:00+05:30,2.75,2.9000000953674316,2.700000047683716,2.9000000953674316,23576,0.0,0.0
2021-05-24 00:00:00+05:30,2.9000000953674316,3.0,2.8499999046325684,3.0,47937,0.0,0.0
2021-05-25 00:00:00+05:30,3.1500000953674316,3.1500000953674316,3.1500000953674316,3.1500000953674316,8686,0.0,0.0
2021-05-26 00:00:00+05:30,3.1500000953674316,3.299999952316284,3.1500000953674316,3.299999952316284,1792,0.0,0.0
2021-05-27 00:00:00+05:30,3.450000047683716,3.450000047683716,3.299999952316284,3.450000047683716,42054,0.0,0.0
2021-05-28 00:00:00+05:30,3.5999999046325684,3.5999999046325684,3.5999999046325684,3.5999999046325684,4374,0.0,0.0
2021-05-31 00:00:00+05:30,3.75,3.75,3.700000047683716,3.75,43571,0.0,0.0
2021-06-01 00:00:00+05:30,3.9000000953674316,3.9000000953674316,3.5999999046325684,3.5999999046325684,70067,0.0,0.0
2021-06-02 00:00:00+05:30,3.75,3.75,3.5999999046325684,3.700000047683716,23987,0.0,0.0
2021-06-03 00:00:00+05:30,3.5999999046325684,3.75,3.549999952316284,3.549999952316284,48973,0.0,0.0
2021-06-04 00:00:00+05:30,3.5,3.5999999046325684,3.4000000953674316,3.450000047683716,30120,0.0,0.0
2021-06-07 00:00:00+05:30,3.549999952316284,3.5999999046325684,3.450000047683716,3.5999999046325684,24587,0.0,0.0
2021-06-08 00:00:00+05:30,3.700000047683716,3.75,3.700000047683716,3.75,12540,0.0,0.0
2021-06-09 00:00:00+05:30,3.9000000953674316,3.9000000953674316,3.9000000953674316,3.9000000953674316,6851,0.0,0.0
2021-06-10 00:00:00+05:30,4.050000190734863,4.050000190734863,3.75,4.050000190734863,24168,0.0,0.0
2021-06-11 00:00:00+05:30,4.099999904632568,4.25,4.099999904632568,4.25,46391,0.0,0.0
2021-06-14 00:00:00+05:30,4.25,4.400000095367432,4.050000190734863,4.050000190734863,51143,0.0,0.0
2021-06-15 00:00:00+05:30,4.150000095367432,4.150000095367432,4.050000190734863,4.099999904632568,37980,0.0,0.0
2021-06-16 00:00:00+05:30,4.25,4.25,3.9000000953674316,4.050000190734863,22639,0.0,0.0
2021-06-17 00:00:00+05:30,4.0,4.0,3.8499999046325684,4.0,56906,0.0,0.0
2021-06-18 00:00:00+05:30,3.9000000953674316,4.199999809265137,3.8499999046325684,3.8499999046325684,48504,0.0,0.0
2021-06-21 00:00:00+05:30,3.75,4.0,3.75,3.950000047683716,49937,0.0,0.0
2021-06-22 00:00:00+05:30,4.099999904632568,4.099999904632568,3.950000047683716,4.0,47384,0.0,0.0
2021-06-23 00:00:00+05:30,4.099999904632568,4.150000095367432,3.950000047683716,3.950000047683716,19185,0.0,0.0
2021-06-24 00:00:00+05:30,4.099999904632568,4.099999904632568,3.8499999046325684,3.950000047683716,34556,0.0,0.0
2021-06-25 00:00:00+05:30,3.950000047683716,4.099999904632568,3.9000000953674316,3.950000047683716,24747,0.0,0.0
2021-06-28 00:00:00+05:30,4.099999904632568,4.099999904632568,3.799999952316284,3.799999952316284,37431,0.0,0.0
2021-06-29 00:00:00+05:30,3.75,3.950000047683716,3.75,3.950000047683716,20758,0.0,0.0
2021-06-30 00:00:00+05:30,3.950000047683716,4.099999904632568,3.950000047683716,4.050000190734863,29242,0.0,0.0
2021-07-01 00:00:00+05:30,4.099999904632568,4.099999904632568,3.8499999046325684,3.8499999046325684,34062,0.0,0.0
2021-07-02 00:00:00+05:30,3.8499999046325684,3.950000047683716,3.799999952316284,3.8499999046325684,48321,0.0,0.0
2021-07-05 00:00:00+05:30,3.799999952316284,3.950000047683716,3.75,3.9000000953674316,33648,0.0,0.0
2021-07-06 00:00:00+05:30,4.0,4.0,3.75,3.9000000953674316,40225,0.0,0.0
2021-07-07 00:00:00+05:30,3.950000047683716,4.050000190734863,3.9000000953674316,3.9000000953674316,42785,0.0,0.0
2021-07-08 00:00:00+05:30,4.050000190734863,4.050000190734863,3.799999952316284,3.9000000953674316,6149,0.0,0.0
2021-07-09 00:00:00+05:30,3.9000000953674316,4.0,3.799999952316284,3.9000000953674316,21457,0.0,0.0
2021-07-12 00:00:00+05:30,3.9000000953674316,3.950000047683716,3.75,3.9000000953674316,15387,0.0,0.0
2021-07-13 00:00:00+05:30,3.8499999046325684,3.950000047683716,3.75,3.75,10216,0.0,0.0
2021-07-14 00:00:00+05:30,3.9000000953674316,3.9000000953674316,3.5999999046325684,3.799999952316284,38894,0.0,0.0
2021-07-15 00:00:00+05:30,3.799999952316284,3.799999952316284,3.6500000953674316,3.6500000953674316,55696,0.0,0.0
2021-07-16 00:00:00+05:30,3.799999952316284,3.799999952316284,3.549999952316284,3.549999952316284,7201,0.0,0.0
2021-07-19 00:00:00+05:30,3.549999952316284,3.700000047683716,3.4000000953674316,3.6500000953674316,11215,0.0,0.0
2021-07-20 00:00:00+05:30,3.6500000953674316,3.75,3.549999952316284,3.5999999046325684,16200,0.0,0.0
2021-07-22 00:00:00+05:30,3.75,3.75,3.549999952316284,3.6500000953674316,21173,0.0,0.0
2021-07-23 00:00:00+05:30,3.799999952316284,3.799999952316284,3.549999952316284,3.700000047683716,20989,0.0,0.0
2021-07-26 00:00:00+05:30,3.75,3.75,3.549999952316284,3.5999999046325684,23203,0.0,0.0
2021-07-27 00:00:00+05:30,3.5999999046325684,3.5999999046325684,3.5,3.549999952316284,8199,0.0,0.0
2021-07-28 00:00:00+05:30,3.549999952316284,3.549999952316284,3.4000000953674316,3.4000000953674316,7489,0.0,0.0
2021-07-29 00:00:00+05:30,3.4000000953674316,3.4000000953674316,3.25,3.3499999046325684,26708,0.0,0.0
2021-07-30 00:00:00+05:30,3.4000000953674316,3.4000000953674316,3.25,3.3499999046325684,15086,0.0,0.0
2021-08-02 00:00:00+05:30,3.3499999046325684,3.5,3.200000047683716,3.5,45483,0.0,0.0
2021-08-03 00:00:00+05:30,3.5,3.6500000953674316,3.5,3.549999952316284,23155,0.0,0.0
2021-08-04 00:00:00+05:30,3.5,3.700000047683716,3.4000000953674316,3.450000047683716,34240,0.0,0.0
2021-08-05 00:00:00+05:30,3.450000047683716,3.549999952316284,3.4000000953674316,3.4000000953674316,13088,0.0,0.0
2021-08-06 00:00:00+05:30,3.549999952316284,3.549999952316284,3.3499999046325684,3.5,15783,0.0,0.0
2021-08-09 00:00:00+05:30,3.5,3.5999999046325684,3.4000000953674316,3.5,19715,0.0,0.0
2021-08-10 00:00:00+05:30,3.4000000953674316,3.450000047683716,3.3499999046325684,3.3499999046325684,30370,0.0,0.0
2021-08-11 00:00:00+05:30,3.3499999046325684,3.3499999046325684,3.200000047683716,3.200000047683716,1386,0.0,0.0
2021-08-12 00:00:00+05:30,3.200000047683716,3.200000047683716,3.049999952316284,3.049999952316284,19963,0.0,0.0
2021-08-13 00:00:00+05:30,2.950000047683716,3.200000047683716,2.950000047683716,3.200000047683716,39219,0.0,0.0
2021-08-16 00:00:00+05:30,3.049999952316284,3.299999952316284,3.049999952316284,3.049999952316284,23061,0.0,0.0
2021-08-17 00:00:00+05:30,3.0,3.1500000953674316,2.9000000953674316,2.950000047683716,39008,0.0,0.0
2021-08-18 00:00:00+05:30,2.8499999046325684,3.0,2.8499999046325684,2.8499999046325684,17333,0.0,0.0
2021-08-20 00:00:00+05:30,2.75,2.8499999046325684,2.75,2.75,21424,0.0,0.0
2021-08-23 00:00:00+05:30,2.75,2.75,2.6500000953674316,2.75,11219,0.0,0.0
2021-08-24 00:00:00+05:30,2.75,2.8499999046325684,2.6500000953674316,2.8499999046325684,15772,0.0,0.0
2021-08-25 00:00:00+05:30,2.75,2.950000047683716,2.75,2.9000000953674316,20594,0.0,0.0
2021-08-26 00:00:00+05:30,2.799999952316284,3.0,2.799999952316284,2.950000047683716,6300,0.0,0.0
2021-08-27 00:00:00+05:30,3.0,3.0,2.9000000953674316,2.9000000953674316,8855,0.0,0.0
2021-08-30 00:00:00+05:30,3.0,3.0,2.9000000953674316,2.9000000953674316,24802,0.0,0.0
2021-08-31 00:00:00+05:30,2.799999952316284,3.0,2.799999952316284,2.8499999046325684,18934,0.0,0.0
2021-09-01 00:00:00+05:30,2.950000047683716,2.950000047683716,2.75,2.8499999046325684,7773,0.0,0.0
2021-09-02 00:00:00+05:30,2.75,2.8499999046325684,2.75,2.75,37180,0.0,0.0
2021-09-03 00:00:00+05:30,2.8499999046325684,2.8499999046325684,2.6500000953674316,2.75,10697,0.0,0.0
2021-09-06 00:00:00+05:30,2.75,2.8499999046325684,2.75,2.75,21717,0.0,0.0
2021-09-07 00:00:00+05:30,2.700000047683716,2.799999952316284,2.6500000953674316,2.75,20156,0.0,0.0
2021-09-08 00:00:00+05:30,2.8499999046325684,2.8499999046325684,2.700000047683716,2.8499999046325684,25128,0.0,0.0
2021-09-09 00:00:00+05:30,2.75,2.8499999046325684,2.75,2.799999952316284,7368,0.0,0.0
2021-09-13 00:00:00+05:30,2.700000047683716,2.9000000953674316,2.700000047683716,2.8499999046325684,7268,0.0,0.0
2021-09-14 00:00:00+05:30,2.799999952316284,2.950000047683716,2.75,2.8499999046325684,47756,0.0,0.0
2021-09-15 00:00:00+05:30,2.8499999046325684,2.950000047683716,2.8499999046325684,2.950000047683716,9785,0.0,0.0
2021-09-16 00:00:00+05:30,2.8499999046325684,3.049999952316284,2.8499999046325684,3.0,19885,0.0,0.0
2021-09-17 00:00:00+05:30,3.0,3.1500000953674316,2.9000000953674316,3.0,15851,0.0,0.0
2021-09-20 00:00:00+05:30,2.9000000953674316,3.0999999046325684,2.9000000953674316,2.9000000953674316,16687,0.0,0.0
2021-09-21 00:00:00+05:30,2.9000000953674316,3.0,2.9000000953674316,2.9000000953674316,5905,0.0,0.0
2021-09-22 00:00:00+05:30,3.0,3.0,2.8499999046325684,2.950000047683716,13167,0.0,0.0
2021-09-23 00:00:00+05:30,3.049999952316284,3.049999952316284,2.8499999046325684,2.8499999046325684,22087,0.0,0.0
2021-09-24 00:00:00+05:30,2.950000047683716,2.950000047683716,2.8499999046325684,2.9000000953674316,27232,0.0,0.0
2021-09-27 00:00:00+05:30,2.950000047683716,2.950000047683716,2.799999952316284,2.9000000953674316,19927,0.0,0.0
2021-09-28 00:00:00+05:30,2.799999952316284,2.950000047683716,2.799999952316284,2.799999952316284,17304,0.0,0.0
2021-09-29 00:00:00+05:30,2.8499999046325684,2.9000000953674316,2.75,2.8499999046325684,23080,0.0,0.0
2021-09-30 00:00:00+05:30,2.950000047683716,2.950000047683716,2.75,2.950000047683716,26498,0.0,0.0
2021-10-01 00:00:00+05:30,3.0,3.049999952316284,2.9000000953674316,3.0,52447,0.0,0.0
2021-10-04 00:00:00+05:30,2.9000000953674316,3.1500000953674316,2.9000000953674316,3.1500000953674316,131153,0.0,0.0
2021-10-05 00:00:00+05:30,3.299999952316284,3.299999952316284,3.299999952316284,3.299999952316284,12590,0.0,0.0
2021-10-06 00:00:00+05:30,3.450000047683716,3.450000047683716,3.450000047683716,3.450000047683716,10976,0.0,0.0
2021-10-07 00:00:00+05:30,3.5999999046325684,3.5999999046325684,3.5999999046325684,3.5999999046325684,10128,0.0,0.0
2021-10-08 00:00:00+05:30,3.75,3.75,3.700000047683716,3.75,42444,0.0,0.0
2021-10-11 00:00:00+05:30,3.9000000953674316,3.9000000953674316,3.799999952316284,3.9000000953674316,15705,0.0,0.0
2021-10-12 00:00:00+05:30,4.050000190734863,4.050000190734863,3.950000047683716,4.050000190734863,31169,0.0,0.0
2021-10-13 00:00:00+05:30,4.050000190734863,4.25,3.8499999046325684,3.8499999046325684,134529,0.0,0.0
2021-10-14 00:00:00+05:30,3.950000047683716,4.0,3.75,4.0,52970,0.0,0.0
2021-10-18 00:00:00+05:30,4.199999809265137,4.199999809265137,4.050000190734863,4.050000190734863,34613,0.0,0.0
2021-10-19 00:00:00+05:30,3.8499999046325684,4.199999809265137,3.8499999046325684,3.9000000953674316,73986,0.0,0.0
2021-10-20 00:00:00+05:30,3.9000000953674316,3.9000000953674316,3.75,3.75,34096,0.0,0.0
2021-10-21 00:00:00+05:30,3.9000000953674316,3.9000000953674316,3.5999999046325684,3.700000047683716,22005,0.0,0.0
2021-10-22 00:00:00+05:30,3.549999952316284,3.700000047683716,3.549999952316284,3.549999952316284,31538,0.0,0.0
2021-10-25 00:00:00+05:30,3.700000047683716,3.700000047683716,3.4000000953674316,3.450000047683716,26339,0.0,0.0
2021-10-26 00:00:00+05:30,3.5999999046325684,3.5999999046325684,3.4000000953674316,3.5,8975,0.0,0.0
2021-10-27 00:00:00+05:30,3.6500000953674316,3.6500000953674316,3.3499999046325684,3.4000000953674316,39911,0.0,0.0
2021-10-28 00:00:00+05:30,3.299999952316284,3.5,3.25,3.299999952316284,8447,0.0,0.0
2021-10-29 00:00:00+05:30,3.450000047683716,3.450000047683716,3.200000047683716,3.3499999046325684,7820,0.0,0.0
2021-11-01 00:00:00+05:30,3.4000000953674316,3.5,3.25,3.5,19026,0.0,0.0
2021-11-02 00:00:00+05:30,3.5,3.6500000953674316,3.5,3.6500000953674316,9281,0.0,0.0
2021-11-03 00:00:00+05:30,3.799999952316284,3.799999952316284,3.5,3.5,29002,0.0,0.0
2021-11-04 00:00:00+05:30,3.5999999046325684,3.6500000953674316,3.5,3.6500000953674316,16970,0.0,0.0
2021-11-08 00:00:00+05:30,3.799999952316284,3.799999952316284,3.5,3.700000047683716,23961,0.0,0.0
2021-11-09 00:00:00+05:30,3.6500000953674316,3.8499999046325684,3.549999952316284,3.799999952316284,73708,0.0,0.0
2021-11-10 00:00:00+05:30,3.799999952316284,3.950000047683716,3.799999952316284,3.950000047683716,52694,0.0,0.0
2021-11-11 00:00:00+05:30,4.099999904632568,4.099999904632568,3.950000047683716,4.099999904632568,38816,0.0,0.0
2021-11-12 00:00:00+05:30,4.300000190734863,4.300000190734863,4.099999904632568,4.25,39171,0.0,0.0
2021-11-15 00:00:00+05:30,4.449999809265137,4.449999809265137,4.300000190734863,4.449999809265137,58936,0.0,0.0
2021-11-16 00:00:00+05:30,4.650000095367432,4.650000095367432,4.349999904632568,4.650000095367432,82449,0.0,0.0
2021-11-17 00:00:00+05:30,4.800000190734863,4.849999904632568,4.650000095367432,4.849999904632568,81018,0.0,0.0
2021-11-18 00:00:00+05:30,5.050000190734863,5.050000190734863,5.050000190734863,5.050000190734863,60893,0.0,0.0
2021-11-22 00:00:00+05:30,5.300000190734863,5.300000190734863,5.300000190734863,5.300000190734863,30573,0.0,0.0
2021-11-23 00:00:00+05:30,5.550000190734863,5.550000190734863,5.550000190734863,5.550000190734863,27885,0.0,0.0
2021-11-24 00:00:00+05:30,5.800000190734863,5.800000190734863,5.800000190734863,5.800000190734863,21424,0.0,0.0
2021-11-25 00:00:00+05:30,6.050000190734863,6.050000190734863,6.050000190734863,6.050000190734863,18322,0.0,0.0
2021-11-26 00:00:00+05:30,6.349999904632568,6.349999904632568,6.349999904632568,6.349999904632568,58576,0.0,0.0
2021-11-29 00:00:00+05:30,6.650000095367432,6.650000095367432,6.050000190734863,6.050000190734863,224232,0.0,0.0
2021-11-30 00:00:00+05:30,5.75,5.900000095367432,5.75,5.75,129996,0.0,0.0
2021-12-01 00:00:00+05:30,5.5,5.5,5.5,5.5,24784,0.0,0.0
2021-12-02 00:00:00+05:30,5.25,5.25,5.25,5.25,9883,0.0,0.0
2021-12-03 00:00:00+05:30,5.0,5.0,5.0,5.0,21685,0.0,0.0
2021-12-06 00:00:00+05:30,4.75,4.75,4.75,4.75,40439,0.0,0.0
2021-12-07 00:00:00+05:30,4.550000190734863,4.949999809265137,4.550000190734863,4.949999809265137,23853,0.0,0.0
2021-12-08 00:00:00+05:30,5.150000095367432,5.150000095367432,5.150000095367432,5.150000095367432,17552,0.0,0.0
2021-12-09 00:00:00+05:30,5.400000095367432,5.400000095367432,4.900000095367432,5.099999904632568,147586,0.0,0.0
2021-12-10 00:00:00+05:30,5.099999904632568,5.099999904632568,4.900000095367432,5.0,58548,0.0,0.0
2021-12-13 00:00:00+05:30,4.900000095367432,5.25,4.900000095367432,5.25,69287,0.0,0.0
2021-12-14 00:00:00+05:30,5.5,5.5,5.099999904632568,5.5,52202,0.0,0.0
2021-12-15 00:00:00+05:30,5.75,5.75,5.75,5.75,24130,0.0,0.0
2021-12-16 00:00:00+05:30,6.0,6.0,6.0,6.0,7842,0.0,0.0
2021-12-17 00:00:00+05:30,6.300000190734863,6.300000190734863,6.199999809265137,6.300000190734863,71129,0.0,0.0
2021-12-20 00:00:00+05:30,6.599999904632568,6.599999904632568,6.349999904632568,6.599999904632568,110149,0.0,0.0
2021-12-21 00:00:00+05:30,6.900000095367432,6.900000095367432,6.900000095367432,6.900000095367432,54024,0.0,0.0
2021-12-22 00:00:00+05:30,7.199999809265137,7.199999809265137,7.199999809265137,7.199999809265137,28364,0.0,0.0
2021-12-23 00:00:00+05:30,7.550000190734863,7.550000190734863,7.400000095367432,7.550000190734863,68975,0.0,0.0
2021-12-24 00:00:00+05:30,7.900000095367432,7.900000095367432,7.900000095367432,7.900000095367432,22820,0.0,0.0
2021-12-27 00:00:00+05:30,8.25,8.25,8.25,8.25,16217,0.0,0.0
2021-12-28 00:00:00+05:30,8.649999618530273,8.649999618530273,8.649999618530273,8.649999618530273,7209,0.0,0.0
2021-12-29 00:00:00+05:30,9.050000190734863,9.050000190734863,9.050000190734863,9.050000190734863,32867,0.0,0.0
2021-12-30 00:00:00+05:30,9.5,9.5,8.600000381469727,9.149999618530273,350487,0.0,0.0
2021-12-31 00:00:00+05:30,9.149999618530273,9.600000381469727,8.699999809265137,9.600000381469727,150274,0.0,0.0
2022-01-03 00:00:00+05:30,10.050000190734863,10.050000190734863,10.050000190734863,10.050000190734863,48977,0.0,0.0
2022-01-04 00:00:00+05:30,10.550000190734863,10.550000190734863,9.550000190734863,10.5,311217,0.0,0.0
2022-01-05 00:00:00+05:30,10.550000190734863,10.949999809265137,10.0,10.0,125826,0.0,0.0
2022-01-06 00:00:00+05:30,9.5,9.5,9.5,9.5,67838,0.0,0.0
2022-01-07 00:00:00+05:30,9.050000190734863,9.300000190734863,9.050000190734863,9.050000190734863,246988,0.0,0.0
2022-01-10 00:00:00+05:30,8.600000381469727,8.600000381469727,8.600000381469727,8.600000381469727,148621,0.0,0.0
2022-01-11 00:00:00+05:30,8.199999809265137,8.199999809265137,8.199999809265137,8.199999809265137,78772,0.0,0.0
2022-01-12 00:00:00+05:30,7.800000190734863,8.149999618530273,7.800000190734863,7.800000190734863,61292,0.0,0.0
2022-01-13 00:00:00+05:30,7.449999809265137,8.149999618530273,7.449999809265137,8.149999618530273,145741,0.0,0.0
2022-01-14 00:00:00+05:30,8.550000190734863,8.550000190734863,8.550000190734863,8.550000190734863,22943,0.0,0.0
2022-01-17 00:00:00+05:30,8.949999809265137,8.949999809265137,8.949999809265137,8.949999809265137,48309,0.0,0.0
2022-01-18 00:00:00+05:30,9.350000381469727,9.350000381469727,9.350000381469727,9.350000381469727,60208,0.0,0.0
2022-01-19 00:00:00+05:30,9.800000190734863,9.800000190734863,8.899999618530273,9.050000190734863,149246,0.0,0.0
2022-01-20 00:00:00+05:30,8.949999809265137,8.949999809265137,8.600000381469727,8.649999618530273,70351,0.0,0.0
2022-01-21 00:00:00+05:30,8.899999618530273,8.899999618530273,8.25,8.25,47644,0.0,0.0
2022-01-24 00:00:00+05:30,7.849999904632568,8.25,7.849999904632568,7.849999904632568,29267,0.0,0.0
2022-01-25 00:00:00+05:30,7.5,7.5,7.5,7.5,38333,0.0,0.0
2022-01-27 00:00:00+05:30,7.150000095367432,7.400000095367432,7.150000095367432,7.150000095367432,31882,0.0,0.0
2022-01-28 00:00:00+05:30,6.900000095367432,7.5,6.800000190734863,7.5,131677,0.0,0.0
2022-01-31 00:00:00+05:30,7.849999904632568,7.849999904632568,7.550000190734863,7.849999904632568,23072,0.0,0.0
2022-02-01 00:00:00+05:30,8.199999809265137,8.199999809265137,8.149999618530273,8.199999809265137,38634,0.0,0.0
2022-02-02 00:00:00+05:30,8.600000381469727,8.600000381469727,8.0,8.600000381469727,73201,0.0,0.0
2022-02-03 00:00:00+05:30,8.899999618530273,8.899999618530273,8.199999809265137,8.350000381469727,68230,0.0,0.0
2022-02-04 00:00:00+05:30,8.550000190734863,8.550000190734863,8.050000190734863,8.149999618530273,35803,0.0,0.0
2022-02-07 00:00:00+05:30,8.149999618530273,8.550000190734863,7.75,7.75,58260,0.0,0.0
2022-02-08 00:00:00+05:30,7.5,7.75,7.400000095367432,7.400000095367432,39040,0.0,0.0
2022-02-09 00:00:00+05:30,7.349999904632568,7.650000095367432,7.050000190734863,7.400000095367432,34824,0.0,0.0
2022-02-10 00:00:00+05:30,7.300000190734863,7.400000095367432,7.050000190734863,7.199999809265137,40539,0.0,0.0
2022-02-11 00:00:00+05:30,7.199999809265137,7.349999904632568,6.849999904632568,6.900000095367432,52062,0.0,0.0
2022-02-14 00:00:00+05:30,6.599999904632568,6.75,6.599999904632568,6.599999904632568,29609,0.0,0.0
2022-02-15 00:00:00+05:30,6.75,6.900000095367432,6.300000190734863,6.800000190734863,34842,0.0,0.0
2022-02-16 00:00:00+05:30,6.699999809265137,7.099999904632568,6.699999809265137,6.949999809265137,33761,0.0,0.0
2022-02-17 00:00:00+05:30,6.650000095367432,7.0,6.650000095367432,6.650000095367432,38659,0.0,0.0
2022-02-18 00:00:00+05:30,6.949999809265137,6.949999809265137,6.949999809265137,6.949999809265137,16858,0.0,0.0
2022-02-21 00:00:00+05:30,6.949999809265137,7.199999809265137,6.949999809265137,6.949999809265137,31803,0.0,0.0
2022-02-22 00:00:00+05:30,6.849999904632568,6.849999904632568,6.650000095367432,6.650000095367432,31299,0.0,0.0
2022-02-23 00:00:00+05:30,6.349999904632568,6.849999904632568,6.349999904632568,6.75,38763,0.0,0.0
2022-02-24 00:00:00+05:30,6.699999809265137,6.699999809265137,6.449999809265137,6.449999809265137,10550,0.0,0.0
2022-02-25 00:00:00+05:30,6.25,6.650000095367432,6.150000095367432,6.150000095367432,36005,0.0,0.0
2022-02-28 00:00:00+05:30,6.349999904632568,6.349999904632568,5.849999904632568,5.949999809265137,29132,0.0,0.0
2022-03-02 00:00:00+05:30,6.0,6.0,5.699999809265137,5.900000095367432,28327,0.0,0.0
2022-03-03 00:00:00+05:30,5.900000095367432,6.099999904632568,5.75,6.050000190734863,24265,0.0,0.0
2022-03-04 00:00:00+05:30,6.099999904632568,6.099999904632568,5.75,6.0,24205,0.0,0.0
2022-03-07 00:00:00+05:30,6.0,6.099999904632568,5.699999809265137,5.75,14925,0.0,0.0
2022-03-08 00:00:00+05:30,6.0,6.0,5.75,5.900000095367432,18287,0.0,0.0
2022-03-09 00:00:00+05:30,5.900000095367432,6.099999904632568,5.800000190734863,6.0,29214,0.0,0.0
2022-03-10 00:00:00+05:30,6.099999904632568,6.300000190734863,6.099999904632568,6.300000190734863,32729,0.0,0.0
2022-03-11 00:00:00+05:30,6.599999904632568,6.599999904632568,6.599999904632568,6.599999904632568,7669,0.0,0.0
2022-03-14 00:00:00+05:30,6.900000095367432,6.900000095367432,6.900000095367432,6.900000095367432,10207,0.0,0.0
2022-03-15 00:00:00+05:30,7.199999809265137,7.199999809265137,7.099999904632568,7.199999809265137,30972,0.0,0.0
2022-03-16 00:00:00+05:30,7.449999809265137,7.449999809265137,6.849999904632568,6.849999904632568,29913,0.0,0.0
2022-03-17 00:00:00+05:30,6.800000190734863,7.150000095367432,6.599999904632568,6.949999809265137,43581,0.0,0.0
2022-03-21 00:00:00+05:30,7.0,7.25,7.0,7.099999904632568,56901,0.0,0.0
2022-03-22 00:00:00+05:30,6.849999904632568,7.099999904632568,6.75,6.900000095367432,73613,0.0,0.0
2022-03-23 00:00:00+05:30,6.75,6.75,6.599999904632568,6.599999904632568,21247,0.0,0.0
2022-03-24 00:00:00+05:30,6.300000190734863,6.900000095367432,6.300000190734863,6.449999809265137,30588,0.0,0.0
2022-03-25 00:00:00+05:30,6.150000095367432,6.400000095367432,6.150000095367432,6.150000095367432,14740,0.0,0.0
2022-03-28 00:00:00+05:30,5.849999904632568,6.25,5.849999904632568,6.0,24360,0.0,0.0
2022-03-29 00:00:00+05:30,5.75,6.099999904632568,5.699999809265137,5.699999809265137,44562,0.0,0.0
2022-03-30 00:00:00+05:30,5.449999809265137,5.849999904632568,5.449999809265137,5.550000190734863,32080,0.0,0.0
2022-03-31 00:00:00+05:30,5.400000095367432,5.800000190734863,5.300000190734863,5.400000095367432,126580,0.0,0.0
2022-04-01 00:00:00+05:30,5.550000190734863,5.550000190734863,5.150000095367432,5.400000095367432,21986,0.0,0.0
2022-04-04 00:00:00+05:30,5.599999904632568,5.650000095367432,5.400000095367432,5.650000095367432,24431,0.0,0.0
2022-04-05 00:00:00+05:30,5.900000095367432,5.900000095367432,5.599999904632568,5.900000095367432,16172,0.0,0.0
2022-04-06 00:00:00+05:30,6.150000095367432,6.150000095367432,6.150000095367432,6.150000095367432,6772,0.0,0.0
2022-04-07 00:00:00+05:30,6.449999809265137,6.449999809265137,6.449999809265137,6.449999809265137,6701,0.0,0.0
2022-04-08 00:00:00+05:30,6.75,6.75,6.75,6.75,9249,0.0,0.0
2022-04-11 00:00:00+05:30,7.050000190734863,7.050000190734863,6.75,6.949999809265137,47448,0.0,0.0
2022-04-12 00:00:00+05:30,7.050000190734863,7.099999904632568,6.650000095367432,6.75,18453,0.0,0.0
2022-04-13 00:00:00+05:30,6.75,6.75,6.5,6.699999809265137,3170,0.0,0.0
2022-04-18 00:00:00+05:30,6.699999809265137,6.75,6.400000095367432,6.400000095367432,14340,0.0,0.0
2022-04-19 00:00:00+05:30,6.449999809265137,6.650000095367432,6.099999904632568,6.25,19751,0.0,0.0
2022-04-20 00:00:00+05:30,6.25,6.400000095367432,6.050000190734863,6.400000095367432,6259,0.0,0.0
2022-04-21 00:00:00+05:30,6.5,6.5,6.099999904632568,6.199999809265137,49441,0.0,0.0
2022-04-22 00:00:00+05:30,6.050000190734863,6.199999809265137,5.949999809265137,6.150000095367432,15670,0.0,0.0
2022-04-25 00:00:00+05:30,5.849999904632568,6.199999809265137,5.849999904632568,5.949999809265137,24172,0.0,0.0
2022-04-26 00:00:00+05:30,5.949999809265137,6.150000095367432,5.699999809265137,5.849999904632568,15413,0.0,0.0
2022-04-27 00:00:00+05:30,5.849999904632568,5.949999809265137,5.599999904632568,5.75,31642,0.0,0.0
2022-04-28 00:00:00+05:30,5.849999904632568,5.849999904632568,5.5,5.650000095367432,28591,0.0,0.0
2022-04-29 00:00:00+05:30,5.699999809265137,5.699999809265137,5.400000095367432,5.400000095367432,23406,0.0,0.0
2022-05-02 00:00:00+05:30,5.349999904632568,5.599999904632568,5.199999809265137,5.199999809265137,15261,0.0,0.0
2022-05-04 00:00:00+05:30,5.400000095367432,5.400000095367432,5.0,5.150000095367432,8871,0.0,0.0
2022-05-05 00:00:00+05:30,5.050000190734863,5.199999809265137,5.0,5.150000095367432,4141,0.0,0.0
2022-05-06 00:00:00+05:30,5.150000095367432,5.150000095367432,4.900000095367432,5.050000190734863,10722,0.0,0.0
2022-05-09 00:00:00+05:30,4.800000190734863,5.0,4.800000190734863,4.900000095367432,20637,0.0,0.0
2022-05-10 00:00:00+05:30,4.75,5.099999904632568,4.75,4.849999904632568,8366,0.0,0.0
2022-05-11 00:00:00+05:30,4.949999809265137,4.949999809265137,4.650000095367432,4.800000190734863,19193,0.0,0.0
2022-05-12 00:00:00+05:30,4.75,4.75,4.599999904632568,4.599999904632568,4656,0.0,0.0
2022-05-13 00:00:00+05:30,4.599999904632568,4.75,4.400000095367432,4.650000095367432,14326,0.0,0.0
2022-05-16 00:00:00+05:30,4.800000190734863,4.849999904632568,4.650000095367432,4.849999904632568,25774,0.0,0.0
2022-05-17 00:00:00+05:30,4.949999809265137,5.050000190734863,4.849999904632568,5.050000190734863,14568,0.0,0.0
2022-05-18 00:00:00+05:30,5.050000190734863,5.300000190734863,5.0,5.0,11331,0.0,0.0
2022-05-19 00:00:00+05:30,5.0,5.199999809265137,4.75,4.900000095367432,7934,0.0,0.0
2022-05-20 00:00:00+05:30,4.900000095367432,5.099999904632568,4.699999809265137,5.050000190734863,35011,0.0,0.0
2022-05-23 00:00:00+05:30,5.300000190734863,5.300000190734863,4.800000190734863,4.949999809265137,57804,0.0,0.0
2022-05-24 00:00:00+05:30,4.900000095367432,5.099999904632568,4.900000095367432,5.099999904632568,37608,0.0,0.0
2022-05-25 00:00:00+05:30,5.199999809265137,5.199999809265137,4.849999904632568,4.849999904632568,17923,0.0,0.0
2022-05-26 00:00:00+05:30,5.0,5.0,4.75,4.849999904632568,3240,0.0,0.0
2022-05-27 00:00:00+05:30,4.900000095367432,5.050000190734863,4.650000095367432,4.900000095367432,21094,0.0,0.0
2022-05-30 00:00:00+05:30,5.099999904632568,5.099999904632568,4.900000095367432,5.099999904632568,44836,0.0,0.0
2022-05-31 00:00:00+05:30,5.25,5.25,4.900000095367432,5.199999809265137,39539,0.0,0.0
2022-06-01 00:00:00+05:30,5.300000190734863,5.449999809265137,5.0,5.150000095367432,17412,0.0,0.0
2022-06-02 00:00:00+05:30,5.150000095367432,5.199999809265137,4.900000095367432,5.0,8146,0.0,0.0
2022-06-03 00:00:00+05:30,5.099999904632568,5.099999904632568,4.800000190734863,4.849999904632568,7277,0.0,0.0
2022-06-06 00:00:00+05:30,4.949999809265137,5.0,4.699999809265137,4.75,33096,0.0,0.0
2022-06-07 00:00:00+05:30,4.75,4.900000095367432,4.699999809265137,4.849999904632568,2359,0.0,0.0
2022-06-08 00:00:00+05:30,4.699999809265137,4.949999809265137,4.699999809265137,4.800000190734863,5938,0.0,0.0
2022-06-09 00:00:00+05:30,4.75,5.0,4.75,4.949999809265137,5414,0.0,0.0
2022-06-10 00:00:00+05:30,4.949999809265137,5.0,4.849999904632568,4.900000095367432,15070,0.0,0.0
2022-06-13 00:00:00+05:30,4.900000095367432,4.900000095367432,4.699999809265137,4.699999809265137,3037,0.0,0.0
2022-06-14 00:00:00+05:30,4.5,4.75,4.5,4.5,8473,0.0,0.0
2022-06-15 00:00:00+05:30,4.5,4.650000095367432,4.300000190734863,4.300000190734863,14046,0.0,0.0
2022-06-16 00:00:00+05:30,4.099999904632568,4.5,4.099999904632568,4.150000095367432,13392,0.0,0.0
2022-06-17 00:00:00+05:30,4.0,4.150000095367432,3.950000047683716,3.950000047683716,16552,0.0,0.0
2022-06-20 00:00:00+05:30,3.950000047683716,3.950000047683716,3.799999952316284,3.799999952316284,10969,0.0,0.0
2022-06-21 00:00:00+05:30,3.6500000953674316,3.8499999046325684,3.6500000953674316,3.6500000953674316,14096,0.0,0.0
2022-06-22 00:00:00+05:30,3.6500000953674316,3.799999952316284,3.5,3.799999952316284,8490,0.0,0.0
2022-06-23 00:00:00+05:30,3.950000047683716,3.950000047683716,3.799999952316284,3.9000000953674316,20763,0.0,0.0
2022-06-24 00:00:00+05:30,4.050000190734863,4.050000190734863,4.050000190734863,4.050000190734863,1886,0.0,0.0
2022-06-27 00:00:00+05:30,4.099999904632568,4.25,4.099999904632568,4.25,7093,0.0,0.0
2022-06-28 00:00:00+05:30,4.449999809265137,4.449999809265137,4.199999809265137,4.199999809265137,19012,0.0,0.0
2022-06-29 00:00:00+05:30,4.0,4.25,4.0,4.199999809265137,3754,0.0,0.0
2022-06-30 00:00:00+05:30,4.050000190734863,4.25,4.0,4.050000190734863,7017,0.0,0.0
2022-07-01 00:00:00+05:30,4.0,4.0,3.8499999046325684,3.9000000953674316,2003,0.0,0.0
2022-07-04 00:00:00+05:30,4.050000190734863,4.050000190734863,3.9000000953674316,4.0,17275,0.0,0.0
2022-07-05 00:00:00+05:30,3.950000047683716,4.099999904632568,3.950000047683716,4.0,8312,0.0,0.0
2022-07-06 00:00:00+05:30,4.150000095367432,4.150000095367432,3.8499999046325684,3.8499999046325684,21266,0.0,0.0
2022-07-07 00:00:00+05:30,4.0,4.0,3.8499999046325684,4.0,4424,0.0,0.0
2022-07-08 00:00:00+05:30,4.150000095367432,4.150000095367432,3.950000047683716,4.150000095367432,9202,0.0,0.0
2022-07-11 00:00:00+05:30,4.300000190734863,4.300000190734863,4.0,4.050000190734863,3743,0.0,0.0
2022-07-12 00:00:00+05:30,4.050000190734863,4.199999809265137,3.9000000953674316,4.0,2061,0.0,0.0
2022-07-13 00:00:00+05:30,3.9000000953674316,4.150000095367432,3.9000000953674316,4.099999904632568,10726,0.0,0.0
2022-07-14 00:00:00+05:30,4.099999904632568,4.25,4.099999904632568,4.199999809265137,1884,0.0,0.0
2022-07-15 00:00:00+05:30,4.0,4.300000190734863,4.0,4.150000095367432,6406,0.0,0.0
2022-07-18 00:00:00+05:30,4.300000190734863,4.300000190734863,4.0,4.150000095367432,22592,0.0,0.0
2022-07-19 00:00:00+05:30,4.050000190734863,4.25,4.050000190734863,4.150000095367432,6481,0.0,0.0
2022-07-20 00:00:00+05:30,4.0,4.349999904632568,4.0,4.25,14541,0.0,0.0
2022-07-21 00:00:00+05:30,4.400000095367432,4.449999809265137,4.099999904632568,4.349999904632568,35531,0.0,0.0
2022-07-22 00:00:00+05:30,4.550000190734863,4.550000190734863,4.550000190734863,4.550000190734863,16377,0.0,0.0
2022-07-25 00:00:00+05:30,4.75,4.75,4.550000190734863,4.75,7255,0.0,0.0
2022-07-26 00:00:00+05:30,4.75,4.949999809265137,4.75,4.949999809265137,135159,0.0,0.0
2022-07-27 00:00:00+05:30,5.150000095367432,5.150000095367432,4.800000190734863,5.150000095367432,32712,0.0,0.0
2022-07-28 00:00:00+05:30,4.900000095367432,5.400000095367432,4.900000095367432,5.400000095367432,56927,0.0,0.0
2022-07-29 00:00:00+05:30,5.400000095367432,5.650000095367432,5.400000095367432,5.650000095367432,52070,0.0,0.0
2022-08-01 00:00:00+05:30,5.900000095367432,5.900000095367432,5.800000190734863,5.900000095367432,28670,0.0,0.0
2022-08-02 00:00:00+05:30,5.900000095367432,6.150000095367432,5.75,6.099999904632568,48753,0.0,0.0
2022-08-03 00:00:00+05:30,6.099999904632568,6.099999904632568,5.800000190734863,5.800000190734863,20435,0.0,0.0
2022-08-04 00:00:00+05:30,5.599999904632568,5.599999904632568,5.550000190734863,5.550000190734863,13797,0.0,0.0
2022-08-05 00:00:00+05:30,5.300000190734863,5.300000190734863,5.300000190734863,5.300000190734863,6291,0.0,0.0
2022-08-08 00:00:00+05:30,5.050000190734863,5.199999809265137,5.050000190734863,5.050000190734863,14324,0.0,0.0
2022-08-10 00:00:00+05:30,5.050000190734863,5.050000190734863,4.800000190734863,4.800000190734863,24696,0.0,0.0
2022-08-11 00:00:00+05:30,4.900000095367432,4.949999809265137,4.599999904632568,4.75,50724,0.0,0.0
2022-08-12 00:00:00+05:30,4.900000095367432,4.900000095367432,4.599999904632568,4.650000095367432,26581,0.0,0.0
2022-08-16 00:00:00+05:30,4.449999809265137,4.800000190734863,4.449999809265137,4.650000095367432,13733,0.0,0.0
2022-08-17 00:00:00+05:30,4.650000095367432,4.650000095367432,4.449999809265137,4.5,54880,0.0,0.0
2022-08-18 00:00:00+05:30,4.349999904632568,4.599999904632568,4.349999904632568,4.449999809265137,6732,0.0,0.0
2022-08-19 00:00:00+05:30,4.550000190734863,4.550000190734863,4.349999904632568,4.5,7873,0.0,0.0
2022-08-22 00:00:00+05:30,4.5,4.5,4.300000190734863,4.349999904632568,25575,0.0,0.0
2022-08-23 00:00:00+05:30,4.150000095367432,4.449999809265137,4.150000095367432,4.349999904632568,1570,0.0,0.0
2022-08-24 00:00:00+05:30,4.5,4.550000190734863,4.25,4.300000190734863,55743,0.0,0.0
2022-08-25 00:00:00+05:30,4.25,4.349999904632568,4.099999904632568,4.099999904632568,68393,0.0,0.0
2022-08-26 00:00:00+05:30,4.25,4.25,4.0,4.0,61112,0.0,0.0
2022-08-29 00:00:00+05:30,4.0,4.150000095367432,4.0,4.0,54141,0.0,0.0
2022-08-30 00:00:00+05:30,4.0,4.150000095367432,4.0,4.150000095367432,12149,0.0,0.0
2022-09-01 00:00:00+05:30,4.050000190734863,4.099999904632568,4.0,4.0,39673,0.0,0.0
2022-09-02 00:00:00+05:30,3.9000000953674316,4.099999904632568,3.9000000953674316,4.050000190734863,21416,0.0,0.0
2022-09-05 00:00:00+05:30,4.099999904632568,4.099999904632568,3.950000047683716,4.050000190734863,26882,0.0,0.0
2022-09-06 00:00:00+05:30,4.099999904632568,4.099999904632568,4.050000190734863,4.050000190734863,10211,0.0,0.0
2022-09-07 00:00:00+05:30,4.199999809265137,4.25,4.050000190734863,4.199999809265137,29823,0.0,0.0
2022-09-08 00:00:00+05:30,4.199999809265137,4.400000095367432,4.199999809265137,4.400000095367432,13506,0.0,0.0
2022-09-09 00:00:00+05:30,4.599999904632568,4.599999904632568,4.550000190734863,4.599999904632568,11151,0.0,0.0
2022-09-12 00:00:00+05:30,4.650000095367432,4.75,4.400000095367432,4.5,29062,0.0,0.0
2022-09-13 00:00:00+05:30,4.599999904632568,4.599999904632568,4.300000190734863,4.449999809265137,9908,0.0,0.0
2022-09-14 00:00:00+05:30,4.25,4.449999809265137,4.25,4.349999904632568,3809,0.0,0.0
2022-09-15 00:00:00+05:30,4.199999809265137,4.400000095367432,4.199999809265137,4.300000190734863,19221,0.0,0.0
2022-09-16 00:00:00+05:30,4.099999904632568,4.25,4.099999904632568,4.099999904632568,18240,0.0,0.0
2022-09-19 00:00:00+05:30,4.099999904632568,4.199999809265137,4.050000190734863,4.099999904632568,37804,0.0,0.0
2022-09-20 00:00:00+05:30,4.099999904632568,4.300000190734863,4.050000190734863,4.25,44784,0.0,0.0
2022-09-21 00:00:00+05:30,4.300000190734863,4.449999809265137,4.300000190734863,4.400000095367432,17874,0.0,0.0
2022-09-22 00:00:00+05:30,4.5,4.599999904632568,4.25,4.300000190734863,29497,0.0,0.0
2022-09-23 00:00:00+05:30,4.25,4.25,4.099999904632568,4.099999904632568,30147,0.0,0.0
2022-09-26 00:00:00+05:30,4.099999904632568,4.150000095367432,3.9000000953674316,3.9000000953674316,28878,0.0,0.0
2022-09-27 00:00:00+05:30,4.0,4.0,3.75,3.950000047683716,10419,0.0,0.0
2022-09-28 00:00:00+05:30,3.8499999046325684,4.099999904632568,3.8499999046325684,3.9000000953674316,3360,0.0,0.0
2022-09-29 00:00:00+05:30,3.950000047683716,3.950000047683716,3.8499999046325684,3.9000000953674316,9450,0.0,0.0
2022-09-30 00:00:00+05:30,3.9000000953674316,4.050000190734863,3.799999952316284,4.0,16990,0.0,0.0
2022-10-03 00:00:00+05:30,4.150000095367432,4.150000095367432,3.9000000953674316,3.9000000953674316,8036,0.0,0.0
2022-10-04 00:00:00+05:30,3.950000047683716,4.050000190734863,3.950000047683716,4.0,3629,0.0,0.0
2022-10-06 00:00:00+05:30,4.199999809265137,4.199999809265137,4.0,4.0,8974,0.0,0.0
2022-10-07 00:00:00+05:30,4.0,4.150000095367432,4.0,4.0,3105,0.0,0.0
2022-10-10 00:00:00+05:30,4.050000190734863,4.099999904632568,3.799999952316284,3.799999952316284,62095,0.0,0.0
2022-10-11 00:00:00+05:30,3.700000047683716,3.8499999046325684,3.6500000953674316,3.700000047683716,52961,0.0,0.0
2022-10-12 00:00:00+05:30,3.700000047683716,3.700000047683716,3.549999952316284,3.6500000953674316,29321,0.0,0.0
2022-10-13 00:00:00+05:30,3.700000047683716,3.700000047683716,3.549999952316284,3.6500000953674316,6566,0.0,0.0
2022-10-14 00:00:00+05:30,3.5999999046325684,3.700000047683716,3.5,3.5,80125,0.0,0.0
2022-10-17 00:00:00+05:30,3.5,3.549999952316284,3.3499999046325684,3.549999952316284,32869,0.0,0.0
2022-10-18 00:00:00+05:30,3.6500000953674316,3.6500000953674316,3.4000000953674316,3.4000000953674316,44226,0.0,0.0
2022-10-19 00:00:00+05:30,3.450000047683716,3.5,3.3499999046325684,3.4000000953674316,11556,0.0,0.0
2022-10-20 00:00:00+05:30,3.5,3.5,3.3499999046325684,3.4000000953674316,6854,0.0,0.0
2022-10-21 00:00:00+05:30,3.3499999046325684,3.4000000953674316,3.299999952316284,3.299999952316284,11980,0.0,0.0
2022-10-24 00:00:00+05:30,3.4000000953674316,3.450000047683716,3.25,3.3499999046325684,3390,0.0,0.0
2022-10-25 00:00:00+05:30,3.5,3.5,3.25,3.450000047683716,13160,0.0,0.0
2022-10-27 00:00:00+05:30,3.5,3.5,3.4000000953674316,3.4000000953674316,17718,0.0,0.0
2022-10-28 00:00:00+05:30,3.450000047683716,3.549999952316284,3.3499999046325684,3.549999952316284,18936,0.0,0.0
2022-10-31 00:00:00+05:30,3.549999952316284,3.5999999046325684,3.5,3.5,7819,0.0,0.0
2022-11-01 00:00:00+05:30,3.5,3.5999999046325684,3.5,3.549999952316284,10620,0.0,0.0
2022-11-02 00:00:00+05:30,3.5,3.6500000953674316,3.5,3.5999999046325684,7016,0.0,0.0
2022-11-03 00:00:00+05:30,3.549999952316284,3.700000047683716,3.549999952316284,3.6500000953674316,5985,0.0,0.0
2022-11-04 00:00:00+05:30,3.5999999046325684,3.6500000953674316,3.5,3.5,92560,0.0,0.0
2022-11-07 00:00:00+05:30,3.5,3.5,3.3499999046325684,3.4000000953674316,23447,0.0,0.0
2022-11-09 00:00:00+05:30,3.450000047683716,3.549999952316284,3.450000047683716,3.549999952316284,27971,0.0,0.0
2022-11-10 00:00:00+05:30,3.549999952316284,3.700000047683716,3.549999952316284,3.700000047683716,22755,0.0,0.0
2022-11-11 00:00:00+05:30,3.75,3.75,3.5999999046325684,3.5999999046325684,29307,0.0,0.0
2022-11-14 00:00:00+05:30,3.75,3.75,3.75,3.75,51306,0.0,0.0
2022-11-15 00:00:00+05:30,3.9000000953674316,3.9000000953674316,3.9000000953674316,3.9000000953674316,36303,0.0,0.0
2022-11-16 00:00:00+05:30,4.050000190734863,4.050000190734863,4.050000190734863,4.050000190734863,5842,0.0,0.0
2022-11-17 00:00:00+05:30,4.25,4.25,4.25,4.25,32205,0.0,0.0
2022-11-18 00:00:00+05:30,4.25,4.25,4.25,4.25,0,0.0,0.0
2022-11-21 00:00:00+05:30,4.25,4.25,4.25,4.25,0,0.0,0.0
2022-11-22 00:00:00+05:30,4.25,4.25,4.25,4.25,0,0.0,0.0
2022-11-23 00:00:00+05:30,4.25,4.25,4.25,4.25,0,0.0,0.0
2022-11-24 00:00:00+05:30,4.25,4.25,4.25,4.25,0,0.0,0.0
2022-11-25 00:00:00+05:30,4.25,4.25,4.25,4.25,0,0.0,0.0
2022-11-28 00:00:00+05:30,4.25,4.25,4.25,4.25,0,0.0,0.0
2022-11-29 00:00:00+05:30,4.25,4.25,4.25,4.25,0,0.0,0.0
2022-11-30 00:00:00+05:30,4.25,4.25,4.25,4.25,0,0.0,0.0
2022-12-01 00:00:00+05:30,4.25,4.25,4.25,4.25,0,0.0,0.0
2022-12-02 00:00:00+05:30,4.25,4.25,4.25,4.25,0,0.0,0.0
2022-12-05 00:00:00+05:30,4.25,4.25,4.25,4.25,0,0.0,0.0
2022-12-06 00:00:00+05:30,4.25,4.25,4.25,4.25,0,0.0,0.0
2022-12-07 00:00:00+05:30,4.25,4.25,4.25,4.25,0,0.0,0.0
2022-12-08 00:00:00+05:30,4.25,4.25,4.25,4.25,0,0.0,0.0
2022-12-09 00:00:00+05:30,4.25,4.25,4.25,4.25,0,0.0,0.0
2022-12-12 00:00:00+05:30,4.25,4.25,4.25,4.25,0,0.0,0.0
2022-12-13 00:00:00+05:30,4.25,4.25,4.25,4.25,0,0.0,0.0
2022-12-14 00:00:00+05:30,4.25,4.25,4.25,4.25,0,0.0,0.0
2022-12-15 00:00:00+05:30,4.25,4.25,4.25,4.25,0,0.0,0.0
2022-12-16 00:00:00+05:30,4.25,4.25,4.25,4.25,0,0.0,0.0
2022-12-19 00:00:00+05:30,4.25,4.25,4.25,4.25,0,0.0,0.0
2022-12-20 00:00:00+05:30,4.25,4.25,4.25,4.25,0,0.0,0.0
2022-12-21 00:00:00+05:30,4.25,4.25,4.25,4.25,0,0.0,0.0
2022-12-22 00:00:00+05:30,4.25,4.25,4.25,4.25,0,0.0,0.0
2022-12-23 00:00:00+05:30,4.25,4.25,4.25,4.25,0,0.0,0.0
2022-12-26 00:00:00+05:30,4.25,4.25,4.25,4.25,0,0.0,0.0
2022-12-27 00:00:00+05:30,4.25,4.25,4.25,4.25,0,0.0,0.0
2022-12-28 00:00:00+05:30,4.25,4.25,4.25,4.25,0,0.0,0.0
2022-12-29 00:00:00+05:30,4.25,4.25,4.25,4.25,0,0.0,0.0
2022-12-30 00:00:00+05:30,4.25,4.25,4.25,4.25,0,0.0,0.0
2023-01-02 00:00:00+05:30,4.25,4.25,4.25,4.25,0,0.0,0.0
2023-01-03 00:00:00+05:30,4.25,4.25,4.25,4.25,0,0.0,0.0
2023-01-04 00:00:00+05:30,4.25,4.25,4.25,4.25,0,0.0,0.0
2023-01-05 00:00:00+05:30,4.25,4.25,4.25,4.25,0,0.0,0.0
2023-01-06 00:00:00+05:30,4.25,4.25,4.25,4.25,0,0.0,0.0
2023-01-09 00:00:00+05:30,4.25,4.25,4.25,4.25,0,0.0,0.0
2023-01-10 00:00:00+05:30,4.25,4.25,4.25,4.25,0,0.0,0.0
2023-01-11 00:00:00+05:30,4.25,4.25,4.25,4.25,0,0.0,0.0
2023-01-12 00:00:00+05:30,4.25,4.25,4.25,4.25,0,0.0,0.0
2023-01-13 00:00:00+05:30,4.25,4.25,4.25,4.25,0,0.0,0.0
2023-01-16 00:00:00+05:30,4.25,4.25,4.25,4.25,0,0.0,0.0
2023-01-17 00:00:00+05:30,4.25,4.25,4.25,4.25,0,0.0,0.0
2023-01-18 00:00:00+05:30,4.25,4.25,4.25,4.25,0,0.0,0.0
2023-01-19 00:00:00+05:30,4.25,4.25,4.25,4.25,0,0.0,0.0
2023-01-20 00:00:00+05:30,4.25,4.25,4.25,4.25,0,0.0,0.0
2023-01-23 00:00:00+05:30,4.25,4.25,4.25,4.25,0,0.0,0.0
2023-01-24 00:00:00+05:30,4.25,4.25,4.25,4.25,0,0.0,0.0
2023-01-25 00:00:00+05:30,4.25,4.25,4.25,4.25,0,0.0,0.0
2023-01-27 00:00:00+05:30,4.25,4.25,4.25,4.25,0,0.0,0.0
2023-01-30 00:00:00+05:30,4.25,4.25,4.25,4.25,0,0.0,0.0
2023-01-31 00:00:00+05:30,4.25,4.25,4.25,4.25,0,0.0,0.0
2023-02-01 00:00:00+05:30,4.25,4.25,4.25,4.25,0,0.0,0.0
2023-02-02 00:00:00+05:30,4.25,4.25,4.25,4.25,0,0.0,0.0
2023-02-03 00:00:00+05:30,4.25,4.25,4.25,4.25,0,0.0,0.0
2023-02-06 00:00:00+05:30,4.25,4.25,4.25,4.25,0,0.0,0.0
2023-02-07 00:00:00+05:30,4.25,4.25,4.25,4.25,0,0.0,0.0
2023-02-08 00:00:00+05:30,4.25,4.25,4.25,4.25,0,0.0,0.0
2023-02-09 00:00:00+05:30,13.899999618530273,13.899999618530273,13.199999809265137,13.199999809265137,91848,0.0,0.0
2023-02-10 00:00:00+05:30,12.550000190734863,12.550000190734863,12.550000190734863,12.550000190734863,8167,0.0,0.0
2023-02-13 00:00:00+05:30,11.949999809265137,11.949999809265137,11.949999809265137,11.949999809265137,37703,0.0,0.0
2023-02-14 00:00:00+05:30,11.350000381469727,11.350000381469727,11.350000381469727,11.350000381469727,2170,0.0,0.0
2023-02-15 00:00:00+05:30,10.800000190734863,10.800000190734863,10.800000190734863,10.800000190734863,2560,0.0,0.0
2023-02-16 00:00:00+05:30,10.300000190734863,10.300000190734863,10.300000190734863,10.300000190734863,2537,0.0,0.0
2023-02-17 00:00:00+05:30,9.800000190734863,9.800000190734863,9.800000190734863,9.800000190734863,2588,0.0,0.0
2023-02-20 00:00:00+05:30,9.350000381469727,9.350000381469727,9.350000381469727,9.350000381469727,594,0.0,0.0
2023-02-21 00:00:00+05:30,8.899999618530273,8.899999618530273,8.899999618530273,8.899999618530273,4030,0.0,0.0
2023-02-22 00:00:00+05:30,8.449999809265137,8.449999809265137,8.449999809265137,8.449999809265137,786,0.0,0.0
2023-02-23 00:00:00+05:30,8.050000190734863,8.050000190734863,8.050000190734863,8.050000190734863,16924,0.0,0.0
2023-02-24 00:00:00+05:30,7.650000095367432,7.650000095367432,7.650000095367432,7.650000095367432,1855,0.0,0.0
2023-02-27 00:00:00+05:30,7.300000190734863,7.300000190734863,7.300000190734863,7.300000190734863,854,0.0,0.0
2023-02-28 00:00:00+05:30,6.949999809265137,6.949999809265137,6.949999809265137,6.949999809265137,582,0.0,0.0
2023-03-01 00:00:00+05:30,6.599999904632568,6.599999904632568,6.599999904632568,6.599999904632568,5021,0.0,0.0
2023-03-02 00:00:00+05:30,6.300000190734863,6.300000190734863,6.300000190734863,6.300000190734863,5830,0.0,0.0
2023-03-03 00:00:00+05:30,6.0,6.0,6.0,6.0,13323,0.0,0.0
2023-03-06 00:00:00+05:30,5.699999809265137,5.699999809265137,5.699999809265137,5.699999809265137,16248,0.0,0.0
2023-03-08 00:00:00+05:30,5.449999809265137,5.949999809265137,5.449999809265137,5.949999809265137,277700,0.0,0.0
2023-03-09 00:00:00+05:30,6.199999809265137,6.199999809265137,6.199999809265137,6.199999809265137,70751,0.0,0.0
2023-03-10 00:00:00+05:30,6.5,6.5,6.050000190734863,6.400000095367432,387350,0.0,0.0
2023-03-13 00:00:00+05:30,6.599999904632568,6.699999809265137,6.099999904632568,6.099999904632568,119462,0.0,0.0
2023-03-14 00:00:00+05:30,6.099999904632568,6.099999904632568,5.800000190734863,5.800000190734863,39798,0.0,0.0
2023-03-15 00:00:00+05:30,5.699999809265137,5.949999809265137,5.550000190734863,5.550000190734863,27948,0.0,0.0
2023-03-16 00:00:00+05:30,5.349999904632568,5.349999904632568,5.300000190734863,5.300000190734863,26133,0.0,0.0
2023-03-17 00:00:00+05:30,5.099999904632568,5.400000095367432,5.050000190734863,5.050000190734863,103875,0.0,0.0
2023-03-20 00:00:00+05:30,5.050000190734863,5.25,4.800000190734863,4.849999904632568,77741,0.0,0.0
2023-03-21 00:00:00+05:30,5.050000190734863,5.050000190734863,4.599999904632568,4.699999809265137,56301,0.0,0.0
2023-03-22 00:00:00+05:30,4.699999809265137,4.900000095367432,4.599999904632568,4.900000095367432,30338,0.0,0.0
2023-03-23 00:00:00+05:30,5.099999904632568,5.099999904632568,5.099999904632568,5.099999904632568,19395,0.0,0.0
2023-03-24 00:00:00+05:30,5.349999904632568,5.349999904632568,5.349999904632568,5.349999904632568,27167,0.0,0.0
2023-03-27 00:00:00+05:30,5.599999904632568,5.599999904632568,5.599999904632568,5.599999904632568,30328,0.0,0.0
2023-03-28 00:00:00+05:30,5.849999904632568,5.849999904632568,5.849999904632568,5.849999904632568,17032,0.0,0.0
2023-03-29 00:00:00+05:30,6.099999904632568,6.099999904632568,5.900000095367432,6.099999904632568,127565,0.0,0.0
2023-03-31 00:00:00+05:30,6.400000095367432,6.400000095367432,5.800000190734863,6.400000095367432,152257,0.0,0.0
2023-04-03 00:00:00+05:30,6.699999809265137,6.699999809265137,6.099999904632568,6.349999904632568,17604,0.0,0.0
2023-04-05 00:00:00+05:30,6.050000190734863,6.400000095367432,6.050000190734863,6.050000190734863,33489,0.0,0.0
2023-04-06 00:00:00+05:30,6.050000190734863,6.050000190734863,5.75,5.75,6641,0.0,0.0
2023-04-10 00:00:00+05:30,5.5,5.5,5.5,5.5,2582,0.0,0.0
2023-04-11 00:00:00+05:30,5.25,5.449999809265137,5.25,5.25,20076,0.0,0.0
2023-04-12 00:00:00+05:30,5.099999904632568,5.099999904632568,5.0,5.0,12516,0.0,0.0
2023-04-13 00:00:00+05:30,4.949999809265137,5.25,4.75,5.25,50829,0.0,0.0
2023-04-17 00:00:00+05:30,5.5,5.5,5.099999904632568,5.25,53698,0.0,0.0
2023-04-18 00:00:00+05:30,5.25,5.5,5.25,5.400000095367432,20564,0.0,0.0
2023-04-19 00:00:00+05:30,5.5,5.650000095367432,5.300000190734863,5.349999904632568,32097,0.0,0.0
2023-04-20 00:00:00+05:30,5.449999809265137,5.449999809265137,5.199999809265137,5.349999904632568,14923,0.0,0.0
2023-04-21 00:00:00+05:30,5.150000095367432,5.449999809265137,5.099999904632568,5.099999904632568,9175,0.0,0.0
2023-04-24 00:00:00+05:30,5.0,5.099999904632568,4.849999904632568,4.949999809265137,35974,0.0,0.0
2023-04-25 00:00:00+05:30,4.800000190734863,5.0,4.75,4.849999904632568,48359,0.0,0.0
2023-04-26 00:00:00+05:30,4.800000190734863,5.050000190734863,4.800000190734863,5.050000190734863,36368,0.0,0.0
2023-04-27 00:00:00+05:30,5.300000190734863,5.300000190734863,5.300000190734863,5.300000190734863,39120,0.0,0.0
2023-04-28 00:00:00+05:30,5.550000190734863,5.550000190734863,5.400000095367432,5.550000190734863,39885,0.0,0.0
2023-05-02 00:00:00+05:30,5.800000190734863,5.800000190734863,5.800000190734863,5.800000190734863,4825,0.0,0.0
2023-05-03 00:00:00+05:30,6.050000190734863,6.050000190734863,6.050000190734863,6.050000190734863,18341,0.0,0.0
2023-05-04 00:00:00+05:30,6.349999904632568,6.349999904632568,6.349999904632568,6.349999904632568,14740,0.0,0.0
2023-05-05 00:00:00+05:30,6.650000095367432,6.650000095367432,6.650000095367432,6.650000095367432,5259,0.0,0.0
2023-05-08 00:00:00+05:30,6.949999809265137,6.949999809265137,6.900000095367432,6.949999809265137,66661,0.0,0.0
2023-05-09 00:00:00+05:30,7.199999809265137,7.25,7.199999809265137,7.25,26417,0.0,0.0
2023-05-10 00:00:00+05:30,7.599999904632568,7.599999904632568,7.599999904632568,7.599999904632568,8061,0.0,0.0
2023-05-11 00:00:00+05:30,7.949999809265137,7.949999809265137,7.949999809265137,7.949999809265137,8074,0.0,0.0
2023-05-12 00:00:00+05:30,8.25,8.300000190734863,8.25,8.300000190734863,8919,0.0,0.0
2023-05-15 00:00:00+05:30,8.699999809265137,8.699999809265137,8.699999809265137,8.699999809265137,10654,0.0,0.0
2023-05-16 00:00:00+05:30,9.100000381469727,9.100000381469727,9.100000381469727,9.100000381469727,8706,0.0,0.0
2023-05-17 00:00:00+05:30,9.25,9.25,8.949999809265137,8.949999809265137,75016,0.0,0.0
2023-05-18 00:00:00+05:30,8.800000190734863,8.800000190734863,8.800000190734863,8.800000190734863,11537,0.0,0.0
2023-05-19 00:00:00+05:30,8.649999618530273,8.649999618530273,8.649999618530273,8.649999618530273,2501,0.0,0.0
2023-05-22 00:00:00+05:30,8.5,8.5,8.5,8.5,5882,0.0,0.0
2023-05-23 00:00:00+05:30,8.350000381469727,8.350000381469727,8.350000381469727,8.350000381469727,2220,0.0,0.0
2023-05-24 00:00:00+05:30,8.25,8.25,8.199999809265137,8.199999809265137,3667,0.0,0.0
2023-05-25 00:00:00+05:30,8.100000381469727,8.100000381469727,8.050000190734863,8.050000190734863,2001,0.0,0.0
2023-05-26 00:00:00+05:30,7.900000095367432,7.900000095367432,7.900000095367432,7.900000095367432,5686,0.0,0.0
2023-05-29 00:00:00+05:30,7.75,7.75,7.75,7.75,15558,0.0,0.0
2023-05-30 00:00:00+05:30,7.599999904632568,7.900000095367432,7.599999904632568,7.699999809265137,83618,0.0,0.0
2023-05-31 00:00:00+05:30,7.849999904632568,7.849999904632568,7.849999904632568,7.849999904632568,38847,0.0,0.0
2023-06-01 00:00:00+05:30,8.0,8.0,8.0,8.0,13734,0.0,0.0
2023-06-02 00:00:00+05:30,8.149999618530273,8.149999618530273,8.149999618530273,8.149999618530273,16241,0.0,0.0
2023-06-05 00:00:00+05:30,8.300000190734863,8.300000190734863,8.300000190734863,8.300000190734863,9517,0.0,0.0
2023-06-06 00:00:00+05:30,8.449999809265137,8.449999809265137,8.449999809265137,8.449999809265137,16029,0.0,0.0
2023-06-07 00:00:00+05:30,8.600000381469727,8.600000381469727,8.600000381469727,8.600000381469727,9265,0.0,0.0
2023-06-08 00:00:00+05:30,8.75,8.75,8.75,8.75,8290,0.0,0.0
2023-06-09 00:00:00+05:30,8.899999618530273,8.899999618530273,8.899999618530273,8.899999618530273,19594,0.0,0.0
2023-06-12 00:00:00+05:30,9.050000190734863,9.050000190734863,9.050000190734863,9.050000190734863,14067,0.0,0.0
2023-06-13 00:00:00+05:30,9.199999809265137,9.199999809265137,9.199999809265137,9.199999809265137,4811,0.0,0.0
2023-06-14 00:00:00+05:30,9.350000381469727,9.350000381469727,9.350000381469727,9.350000381469727,3671,0.0,0.0
2023-06-15 00:00:00+05:30,9.5,9.5,9.5,9.5,15975,0.0,0.0
2023-06-16 00:00:00+05:30,9.649999618530273,9.649999618530273,9.649999618530273,9.649999618530273,12443,0.0,0.0
2023-06-19 00:00:00+05:30,9.800000190734863,9.800000190734863,9.800000190734863,9.800000190734863,10483,0.0,0.0
2023-06-20 00:00:00+05:30,9.949999809265137,9.949999809265137,9.949999809265137,9.949999809265137,5954,0.0,0.0
2023-06-21 00:00:00+05:30,10.100000381469727,10.100000381469727,10.100000381469727,10.100000381469727,8214,0.0,0.0
2023-06-22 00:00:00+05:30,10.300000190734863,10.300000190734863,10.300000190734863,10.300000190734863,16622,0.0,0.0
2023-06-23 00:00:00+05:30,10.5,10.5,10.5,10.5,16584,0.0,0.0
2023-06-26 00:00:00+05:30,10.699999809265137,10.699999809265137,10.699999809265137,10.699999809265137,32587,0.0,0.0
2023-06-27 00:00:00+05:30,10.899999618530273,10.899999618530273,10.899999618530273,10.899999618530273,51495,0.0,0.0
2023-06-28 00:00:00+05:30,11.100000381469727,11.100000381469727,11.100000381469727,11.100000381469727,6882,0.0,0.0
2023-06-30 00:00:00+05:30,11.300000190734863,11.300000190734863,11.300000190734863,11.300000190734863,9447,0.0,0.0
2023-07-03 00:00:00+05:30,11.5,11.5,11.5,11.5,6851,0.0,0.0
2023-07-04 00:00:00+05:30,11.699999809265137,11.699999809265137,11.699999809265137,11.699999809265137,28793,0.0,0.0
2023-07-05 00:00:00+05:30,11.899999618530273,11.899999618530273,11.899999618530273,11.899999618530273,25858,0.0,0.0
2023-07-06 00:00:00+05:30,12.100000381469727,12.100000381469727,12.100000381469727,12.100000381469727,4336,0.0,0.0
2023-07-07 00:00:00+05:30,12.300000190734863,12.300000190734863,12.300000190734863,12.300000190734863,26444,0.0,0.0
2023-07-10 00:00:00+05:30,12.300000190734863,12.300000190734863,12.300000190734863,12.300000190734863,0,0.0,0.0
2023-07-11 00:00:00+05:30,12.300000190734863,12.300000190734863,12.300000190734863,12.300000190734863,0,0.0,0.0
2023-07-12 00:00:00+05:30,12.300000190734863,12.300000190734863,12.300000190734863,12.300000190734863,0,0.0,0.0
2023-07-13 00:00:00+05:30,12.300000190734863,12.300000190734863,12.300000190734863,12.300000190734863,0,0.0,0.0
2023-07-14 00:00:00+05:30,12.300000190734863,12.300000190734863,12.300000190734863,12.300000190734863,0,0.0,0.0
2023-07-17 00:00:00+05:30,12.050000190734863,12.050000190734863,12.050000190734863,12.050000190734863,24811,0.0,0.0
2023-07-18 00:00:00+05:30,12.050000190734863,12.050000190734863,12.050000190734863,12.050000190734863,0,0.0,0.0
2023-07-19 00:00:00+05:30,12.050000190734863,12.050000190734863,12.050000190734863,12.050000190734863,0,0.0,0.0
2023-07-20 00:00:00+05:30,12.050000190734863,12.050000190734863,12.050000190734863,12.050000190734863,0,0.0,0.0
2023-07-21 00:00:00+05:30,12.050000190734863,12.050000190734863,12.050000190734863,12.050000190734863,0,0.0,0.0
2023-07-24 00:00:00+05:30,11.800000190734863,11.850000381469727,11.800000190734863,11.800000190734863,158886,0.0,0.0
2023-07-25 00:00:00+05:30,12.0,12.0,11.649999618530273,12.0,235706,0.0,0.0
2023-07-26 00:00:00+05:30,12.199999809265137,12.199999809265137,12.0,12.199999809265137,106711,0.0,0.0
2023-07-27 00:00:00+05:30,12.399999618530273,12.399999618530273,12.300000190734863,12.399999618530273,54862,0.0,0.0
2023-07-28 00:00:00+05:30,12.600000381469727,12.600000381469727,12.600000381469727,12.600000381469727,7234,0.0,0.0
2023-07-31 00:00:00+05:30,12.350000381469727,12.350000381469727,12.350000381469727,12.350000381469727,19491,0.0,0.0
2023-08-01 00:00:00+05:30,12.100000381469727,12.100000381469727,12.100000381469727,12.100000381469727,4382,0.0,0.0
2023-08-02 00:00:00+05:30,11.850000381469727,11.850000381469727,11.850000381469727,11.850000381469727,485,0.0,0.0
2023-08-03 00:00:00+05:30,11.649999618530273,11.649999618530273,11.649999618530273,11.649999618530273,16803,0.0,0.0
2023-08-04 00:00:00+05:30,11.449999809265137,11.449999809265137,11.449999809265137,11.449999809265137,26211,0.0,0.0
2023-08-07 00:00:00+05:30,11.25,11.25,11.25,11.25,3032,0.0,0.0
2023-08-08 00:00:00+05:30,11.050000190734863,11.050000190734863,11.050000190734863,11.050000190734863,290,0.0,0.0
2023-08-09 00:00:00+05:30,10.850000381469727,10.850000381469727,10.850000381469727,10.850000381469727,1984,0.0,0.0
2023-08-10 00:00:00+05:30,10.649999618530273,10.649999618530273,10.649999618530273,10.649999618530273,42330,0.0,0.0
2023-08-11 00:00:00+05:30,10.850000381469727,10.850000381469727,10.449999809265137,10.850000381469727,47683,0.0,0.0
2023-08-14 00:00:00+05:30,11.050000190734863,11.050000190734863,11.050000190734863,11.050000190734863,172735,0.0,0.0
2023-08-16 00:00:00+05:30,11.25,11.25,11.25,11.25,29447,0.0,0.0
2023-08-17 00:00:00+05:30,11.449999809265137,11.449999809265137,11.449999809265137,11.449999809265137,54869,0.0,0.0
2023-08-18 00:00:00+05:30,11.649999618530273,11.649999618530273,11.25,11.399999618530273,157975,0.0,0.0
2023-08-21 00:00:00+05:30,11.199999809265137,11.600000381469727,11.199999809265137,11.199999809265137,49930,0.0,0.0
2023-08-22 00:00:00+05:30,11.0,11.0,11.0,11.0,14077,0.0,0.0
2023-08-23 00:00:00+05:30,10.800000190734863,11.199999809265137,10.800000190734863,10.899999618530273,69127,0.0,0.0
2023-08-24 00:00:00+05:30,11.100000381469727,11.100000381469727,11.0,11.100000381469727,88316,0.0,0.0
2023-08-25 00:00:00+05:30,11.300000190734863,11.300000190734863,10.899999618530273,11.25,57804,0.0,0.0
2023-08-28 00:00:00+05:30,11.449999809265137,11.449999809265137,11.050000190734863,11.149999618530273,74793,0.0,0.0
2023-08-29 00:00:00+05:30,11.350000381469727,11.350000381469727,10.949999809265137,10.949999809265137,45420,0.0,0.0
2023-08-30 00:00:00+05:30,10.949999809265137,11.149999618530273,10.75,10.899999618530273,74703,0.0,0.0
2023-08-31 00:00:00+05:30,11.050000190734863,11.050000190734863,10.699999809265137,11.0,76800,0.0,0.0
2023-09-01 00:00:00+05:30,11.149999618530273,11.199999809265137,10.800000190734863,10.949999809265137,68080,0.0,0.0
2023-09-04 00:00:00+05:30,11.0,11.149999618530273,10.75,10.850000381469727,103006,0.0,0.0
2023-09-05 00:00:00+05:30,11.0,11.050000190734863,10.649999618530273,11.050000190734863,62854,0.0,0.0
2023-09-06 00:00:00+05:30,11.100000381469727,11.199999809265137,10.850000381469727,11.050000190734863,48681,0.0,0.0
2023-09-07 00:00:00+05:30,11.25,11.25,10.850000381469727,11.149999618530273,43120,0.0,0.0
2023-09-08 00:00:00+05:30,11.300000190734863,11.350000381469727,11.0,11.050000190734863,97052,0.0,0.0
2023-09-11 00:00:00+05:30,11.25,11.25,10.850000381469727,11.0,84544,0.0,0.0
2023-09-12 00:00:00+05:30,11.199999809265137,11.199999809265137,10.800000190734863,10.800000190734863,17281,0.0,0.0
2023-09-13 00:00:00+05:30,10.800000190734863,10.949999809265137,10.600000381469727,10.600000381469727,15775,0.0,0.0
2023-09-14 00:00:00+05:30,10.600000381469727,10.600000381469727,10.399999618530273,10.449999809265137,43299,0.0,0.0
2023-09-15 00:00:00+05:30,10.550000190734863,10.550000190734863,10.25,10.25,47223,0.0,0.0
2023-09-18 00:00:00+05:30,10.25,10.449999809265137,10.050000190734863,10.100000381469727,83668,0.0,0.0
2023-09-20 00:00:00+05:30,10.100000381469727,10.300000190734863,9.899999618530273,9.949999809265137,32924,0.0,0.0
2023-09-21 00:00:00+05:30,9.949999809265137,10.100000381469727,9.75,9.850000381469727,54433,0.0,0.0
2023-09-22 00:00:00+05:30,9.949999809265137,10.0,9.899999618530273,10.0,25318,0.0,0.0
2023-09-25 00:00:00+05:30,10.199999809265137,10.199999809265137,10.199999809265137,10.199999809265137,15260,0.0,0.0
2023-09-26 00:00:00+05:30,10.399999618530273,10.399999618530273,10.399999618530273,10.399999618530273,62472,0.0,0.0
2023-09-27 00:00:00+05:30,10.600000381469727,10.600000381469727,10.600000381469727,10.600000381469727,48150,0.0,0.0
2023-09-28 00:00:00+05:30,10.800000190734863,10.800000190734863,10.800000190734863,10.800000190734863,9197,0.0,0.0
2023-09-29 00:00:00+05:30,11.0,11.0,11.0,11.0,15321,0.0,0.0
2023-10-03 00:00:00+05:30,11.199999809265137,11.199999809265137,10.949999809265137,11.199999809265137,92673,0.0,0.0
2023-10-04 00:00:00+05:30,11.399999618530273,11.399999618530273,11.199999809265137,11.399999618530273,44795,0.0,0.0
2023-10-05 00:00:00+05:30,11.600000381469727,11.600000381469727,11.600000381469727,11.600000381469727,24973,0.0,0.0
2023-10-06 00:00:00+05:30,11.800000190734863,11.800000190734863,11.800000190734863,11.800000190734863,12903,0.0,0.0
2023-10-09 00:00:00+05:30,12.0,12.0,12.0,12.0,44860,0.0,0.0
2023-10-10 00:00:00+05:30,12.199999809265137,12.199999809265137,12.199999809265137,12.199999809265137,11235,0.0,0.0
2023-10-11 00:00:00+05:30,12.399999618530273,12.399999618530273,12.399999618530273,12.399999618530273,7362,0.0,0.0
2023-10-12 00:00:00+05:30,12.600000381469727,12.600000381469727,12.600000381469727,12.600000381469727,21498,0.0,0.0
2023-10-13 00:00:00+05:30,12.850000381469727,12.850000381469727,12.850000381469727,12.850000381469727,6060,0.0,0.0
2023-10-16 00:00:00+05:30,13.100000381469727,13.100000381469727,13.100000381469727,13.100000381469727,22882,0.0,0.0
2023-10-17 00:00:00+05:30,13.350000381469727,13.350000381469727,13.350000381469727,13.350000381469727,18897,0.0,0.0
2023-10-18 00:00:00+05:30,13.600000381469727,13.600000381469727,13.600000381469727,13.600000381469727,13025,0.0,0.0
2023-10-19 00:00:00+05:30,13.850000381469727,13.850000381469727,13.850000381469727,13.850000381469727,6090,0.0,0.0
2023-10-20 00:00:00+05:30,14.100000381469727,14.100000381469727,14.100000381469727,14.100000381469727,23024,0.0,0.0
2023-10-23 00:00:00+05:30,14.350000381469727,14.350000381469727,14.350000381469727,14.350000381469727,24670,0.0,0.0
2023-10-25 00:00:00+05:30,14.600000381469727,14.600000381469727,14.600000381469727,14.600000381469727,25232,0.0,0.0
2023-10-26 00:00:00+05:30,14.399999618530273,14.75,14.350000381469727,14.399999618530273,90821,0.0,0.0
2023-10-27 00:00:00+05:30,14.649999618530273,14.649999618530273,14.649999618530273,14.649999618530273,25398,0.0,0.0
2023-10-30 00:00:00+05:30,14.899999618530273,14.899999618530273,14.899999618530273,14.899999618530273,10803,0.0,0.0
2023-10-31 00:00:00+05:30,15.149999618530273,15.149999618530273,15.149999618530273,15.149999618530273,2858,0.0,0.0
2023-11-01 00:00:00+05:30,15.449999809265137,15.449999809265137,15.449999809265137,15.449999809265137,2035,0.0,0.0
2023-11-02 00:00:00+05:30,15.75,15.75,15.75,15.75,8962,0.0,0.0
2023-11-03 00:00:00+05:30,16.049999237060547,16.049999237060547,16.049999237060547,16.049999237060547,11078,0.0,0.0
2023-11-06 00:00:00+05:30,16.350000381469727,16.350000381469727,16.350000381469727,16.350000381469727,7782,0.0,0.0
2023-11-07 00:00:00+05:30,16.649999618530273,16.649999618530273,16.649999618530273,16.649999618530273,5010,0.0,0.0
2023-11-08 00:00:00+05:30,16.950000762939453,16.950000762939453,16.950000762939453,16.950000762939453,37356,0.0,0.0
2023-11-09 00:00:00+05:30,17.25,17.25,17.25,17.25,11743,0.0,0.0
2023-11-10 00:00:00+05:30,17.549999237060547,17.549999237060547,17.549999237060547,17.549999237060547,15034,0.0,0.0
2023-11-13 00:00:00+05:30,18.25,18.25,18.25,18.25,9157,0.0,0.0
2023-11-15 00:00:00+05:30,18.600000381469727,18.600000381469727,18.600000381469727,18.600000381469727,15202,0.0,0.0
2023-11-16 00:00:00+05:30,18.950000762939453,18.950000762939453,18.950000762939453,18.950000762939453,19744,0.0,0.0
2023-11-17 00:00:00+05:30,19.299999237060547,19.299999237060547,19.299999237060547,19.299999237060547,28110,0.0,0.0
2023-11-20 00:00:00+05:30,19.649999618530273,19.649999618530273,19.5,19.649999618530273,47197,0.0,0.0
2023-11-21 00:00:00+05:30,19.25,19.25,19.25,19.25,50819,0.0,0.0
2023-11-22 00:00:00+05:30,18.899999618530273,18.899999618530273,18.899999618530273,18.899999618530273,5650,0.0,0.0
2023-11-23 00:00:00+05:30,18.549999237060547,18.549999237060547,18.549999237060547,18.549999237060547,19058,0.0,0.0
2023-11-24 00:00:00+05:30,18.25,18.299999237060547,18.200000762939453,18.25,111957,0.0,0.0
2023-11-28 00:00:00+05:30,17.899999618530273,17.899999618530273,17.899999618530273,17.899999618530273,17120,0.0,0.0
2023-11-29 00:00:00+05:30,17.549999237060547,17.549999237060547,17.549999237060547,17.549999237060547,51707,0.0,0.0
2023-11-30 00:00:00+05:30,17.899999618530273,17.899999618530273,17.299999237060547,17.899999618530273,91457,0.0,0.0
2023-12-01 00:00:00+05:30,18.25,18.25,18.25,18.25,48558,0.0,0.0
2023-12-04 00:00:00+05:30,18.600000381469727,18.600000381469727,18.600000381469727,18.600000381469727,121898,0.0,0.0
2023-12-05 00:00:00+05:30,18.899999618530273,18.950000762939453,18.899999618530273,18.899999618530273,60584,0.0,0.0
2023-12-06 00:00:00+05:30,18.549999237060547,18.899999618530273,18.549999237060547,18.549999237060547,12047,0.0,0.0
2023-12-07 00:00:00+05:30,18.200000762939453,18.549999237060547,18.200000762939453,18.200000762939453,13310,0.0,0.0
2023-12-08 00:00:00+05:30,17.850000381469727,18.0,17.850000381469727,17.850000381469727,10227,0.0,0.0
2023-12-11 00:00:00+05:30,18.200000762939453,18.200000762939453,17.5,18.200000762939453,62001,0.0,0.0
2023-12-12 00:00:00+05:30,18.399999618530273,18.549999237060547,18.399999618530273,18.399999618530273,25818,0.0,0.0
2023-12-13 00:00:00+05:30,18.200000762939453,18.399999618530273,18.049999237060547,18.200000762939453,18642,0.0,0.0
2023-12-14 00:00:00+05:30,17.850000381469727,18.200000762939453,17.850000381469727,17.850000381469727,13305,0.0,0.0
2023-12-15 00:00:00+05:30,17.799999237060547,17.850000381469727,17.5,17.799999237060547,30515,0.0,0.0
2023-12-18 00:00:00+05:30,18.149999618530273,18.149999618530273,18.149999618530273,18.149999618530273,65410,0.0,0.0
2023-12-19 00:00:00+05:30,18.5,18.5,17.850000381469727,18.100000381469727,138770,0.0,0.0
2023-12-20 00:00:00+05:30,18.399999618530273,18.399999618530273,17.75,17.75,47307,0.0,0.0
2023-12-21 00:00:00+05:30,17.399999618530273,17.399999618530273,17.399999618530273,17.399999618530273,32557,0.0,0.0
2023-12-22 00:00:00+05:30,17.299999237060547,17.299999237060547,17.049999237060547,17.049999237060547,96511,0.0,0.0
2023-12-26 00:00:00+05:30,16.75,17.299999237060547,16.700000762939453,16.700000762939453,35090,0.0,0.0
2023-12-27 00:00:00+05:30,16.399999618530273,17.0,16.399999618530273,16.950000762939453,111788,0.0,0.0
2023-12-28 00:00:00+05:30,16.899999618530273,16.950000762939453,16.649999618530273,16.700000762939453,71167,0.0,0.0
2023-12-29 00:00:00+05:30,16.700000762939453,17.0,16.450000762939453,17.0,35485,0.0,0.0
2024-01-01 00:00:00+05:30,17.200000762939453,17.299999237060547,17.200000762939453,17.299999237060547,21127,0.0,0.0
2024-01-02 00:00:00+05:30,17.600000381469727,17.600000381469727,17.600000381469727,17.600000381469727,39835,0.0,0.0
2024-01-03 00:00:00+05:30,17.950000762939453,17.950000762939453,17.700000762939453,17.950000762939453,75592,0.0,0.0
2024-01-04 00:00:00+05:30,18.299999237060547,18.299999237060547,18.200000762939453,18.299999237060547,73248,0.0,0.0
2024-01-05 00:00:00+05:30,18.649999618530273,18.649999618530273,18.649999618530273,18.649999618530273,28535,0.0,0.0
2024-01-08 00:00:00+05:30,19.0,19.0,18.950000762939453,19.0,42992,0.0,0.0
2024-01-09 00:00:00+05:30,19.350000381469727,19.350000381469727,19.350000381469727,19.350000381469727,28707,0.0,0.0
2024-01-10 00:00:00+05:30,19.700000762939453,19.700000762939453,19.700000762939453,19.700000762939453,40114,0.0,0.0
2024-01-11 00:00:00+05:30,20.049999237060547,20.049999237060547,20.049999237060547,20.049999237060547,22237,0.0,0.0
2024-01-12 00:00:00+05:30,20.450000762939453,20.450000762939453,20.450000762939453,20.450000762939453,28496,0.0,0.0
2024-01-15 00:00:00+05:30,20.450000762939453,20.450000762939453,20.450000762939453,20.450000762939453,0,0.0,0.0
2024-01-16 00:00:00+05:30,21.25,21.25,20.950000762939453,21.25,95970,0.0,0.0
2024-01-17 00:00:00+05:30,21.649999618530273,21.649999618530273,21.649999618530273,21.649999618530273,14773,0.0,0.0
2024-01-18 00:00:00+05:30,22.049999237060547,22.049999237060547,22.049999237060547,22.049999237060547,34392,0.0,0.0
2024-01-19 00:00:00+05:30,22.450000762939453,22.450000762939453,22.450000762939453,22.450000762939453,20974,0.0,0.0
2024-01-23 00:00:00+05:30,23.299999237060547,23.299999237060547,23.299999237060547,23.299999237060547,122844,0.0,0.0
2024-01-24 00:00:00+05:30,23.75,23.75,23.75,23.75,55601,0.0,0.0
2024-01-25 00:00:00+05:30,24.200000762939453,24.200000762939453,24.200000762939453,24.200000762939453,20417,0.0,0.0
2024-01-29 00:00:00+05:30,24.649999618530273,24.649999618530273,24.649999618530273,24.649999618530273,18076,0.0,0.0
2024-01-30 00:00:00+05:30,25.100000381469727,25.100000381469727,25.100000381469727,25.100000381469727,17890,0.0,0.0
2024-01-31 00:00:00+05:30,25.600000381469727,25.600000381469727,25.600000381469727,25.600000381469727,11240,0.0,0.0
2024-02-01 00:00:00+05:30,26.100000381469727,26.100000381469727,26.100000381469727,26.100000381469727,7909,0.0,0.0
2024-02-02 00:00:00+05:30,26.600000381469727,26.600000381469727,26.600000381469727,26.600000381469727,7306,0.0,0.0
2024-02-05 00:00:00+05:30,27.100000381469727,27.100000381469727,26.100000381469727,26.100000381469727,222647,0.0,0.0
2024-02-06 00:00:00+05:30,25.600000381469727,25.600000381469727,25.600000381469727,25.600000381469727,66625,0.0,0.0
2024-02-07 00:00:00+05:30,25.100000381469727,26.100000381469727,25.100000381469727,26.100000381469727,234756,0.0,0.0
2024-02-08 00:00:00+05:30,26.600000381469727,26.600000381469727,25.649999618530273,26.600000381469727,195926,0.0,0.0
2024-02-09 00:00:00+05:30,27.100000381469727,27.100000381469727,26.100000381469727,27.100000381469727,218520,0.0,0.0
2024-02-12 00:00:00+05:30,27.600000381469727,27.600000381469727,26.549999237060547,27.600000381469727,227606,0.0,0.0
2024-02-13 00:00:00+05:30,28.149999618530273,28.149999618530273,27.049999237060547,28.149999618530273,140916,0.0,0.0
2024-02-14 00:00:00+05:30,28.700000762939453,28.700000762939453,28.200000762939453,28.649999618530273,184654,0.0,0.0
2024-02-15 00:00:00+05:30,28.649999618530273,28.75,28.100000381469727,28.100000381469727,91433,0.0,0.0
2024-02-16 00:00:00+05:30,27.549999237060547,28.549999237060547,27.549999237060547,27.549999237060547,118323,0.0,0.0
2024-02-19 00:00:00+05:30,27.0,27.450000762939453,27.0,27.0,56511,0.0,0.0
2024-02-20 00:00:00+05:30,26.799999237060547,26.799999237060547,26.5,26.5,35649,0.0,0.0
2024-02-21 00:00:00+05:30,26.0,26.0,26.0,26.0,32473,0.0,0.0
2024-02-22 00:00:00+05:30,25.5,25.5,25.5,25.5,18062,0.0,0.0
2024-02-23 00:00:00+05:30,25.0,25.0,25.0,25.0,17503,0.0,0.0
2024-02-26 00:00:00+05:30,24.5,25.299999237060547,24.5,24.5,60131,0.0,0.0
2024-02-27 00:00:00+05:30,24.049999237060547,24.049999237060547,24.049999237060547,24.049999237060547,16349,0.0,0.0
2024-02-28 00:00:00+05:30,23.950000762939453,23.950000762939453,23.600000381469727,23.600000381469727,14479,0.0,0.0
2024-02-29 00:00:00+05:30,23.149999618530273,23.149999618530273,23.149999618530273,23.149999618530273,8676,0.0,0.0
2024-03-01 00:00:00+05:30,22.700000762939453,22.700000762939453,22.700000762939453,22.700000762939453,14079,0.0,0.0
2024-03-04 00:00:00+05:30,21.799999237060547,21.799999237060547,21.799999237060547,21.799999237060547,16898,0.0,0.0
2024-03-05 00:00:00+05:30,21.399999618530273,21.399999618530273,21.399999618530273,21.399999618530273,14615,0.0,0.0
2024-03-06 00:00:00+05:30,21.0,21.0,21.0,21.0,16507,0.0,0.0
2024-03-07 00:00:00+05:30,20.600000381469727,20.600000381469727,20.600000381469727,20.600000381469727,10979,0.0,0.0
2024-03-11 00:00:00+05:30,20.200000762939453,20.200000762939453,20.200000762939453,20.200000762939453,12750,0.0,0.0
2024-03-12 00:00:00+05:30,19.799999237060547,19.799999237060547,19.799999237060547,19.799999237060547,8815,0.0,0.0
2024-03-13 00:00:00+05:30,19.399999618530273,19.399999618530273,19.399999618530273,19.399999618530273,7837,0.0,0.0
2024-03-14 00:00:00+05:30,19.049999237060547,19.049999237060547,19.049999237060547,19.049999237060547,14540,0.0,0.0
2024-03-15 00:00:00+05:30,18.700000762939453,19.399999618530273,18.700000762939453,18.700000762939453,329842,0.0,0.0
2024-03-18 00:00:00+05:30,18.350000381469727,18.350000381469727,18.350000381469727,18.350000381469727,38576,0.0,0.0
2024-03-19 00:00:00+05:30,18.0,18.0,18.0,18.0,16493,0.0,0.0
2024-03-20 00:00:00+05:30,17.649999618530273,18.0,17.649999618530273,17.649999618530273,173056,0.0,0.0
2024-03-21 00:00:00+05:30,17.350000381469727,17.899999618530273,17.299999237060547,17.299999237060547,138953,0.0,0.0
2024-03-22 00:00:00+05:30,17.049999237060547,17.100000381469727,16.950000762939453,16.950000762939453,73826,0.0,0.0
2024-03-26 00:00:00+05:30,16.649999618530273,17.25,16.649999618530273,17.25,133420,0.0,0.0
2024-03-27 00:00:00+05:30,17.5,17.549999237060547,17.5,17.549999237060547,57171,0.0,0.0
2024-03-28 00:00:00+05:30,17.899999618530273,17.899999618530273,17.899999618530273,17.899999618530273,88458,0.0,0.0
2024-04-01 00:00:00+05:30,18.25,18.25,18.25,18.25,24141,0.0,0.0
2024-04-02 00:00:00+05:30,18.600000381469727,18.600000381469727,18.5,18.600000381469727,61800,0.0,0.0
2024-04-03 00:00:00+05:30,18.950000762939453,18.950000762939453,18.950000762939453,18.950000762939453,26791,0.0,0.0
2024-04-04 00:00:00+05:30,19.299999237060547,19.299999237060547,19.299999237060547,19.299999237060547,21303,0.0,0.0
2024-04-05 00:00:00+05:30,19.649999618530273,19.649999618530273,19.649999618530273,19.649999618530273,52273,0.0,0.0
2024-04-08 00:00:00+05:30,20.0,20.0,20.0,20.0,31478,0.0,0.0
2024-04-09 00:00:00+05:30,20.399999618530273,20.399999618530273,20.399999618530273,20.399999618530273,33534,0.0,0.0
2024-04-10 00:00:00+05:30,20.799999237060547,20.799999237060547,20.799999237060547,20.799999237060547,25146,0.0,0.0
2024-04-12 00:00:00+05:30,21.200000762939453,21.200000762939453,21.200000762939453,21.200000762939453,40115,0.0,0.0
2024-04-15 00:00:00+05:30,21.600000381469727,21.600000381469727,20.799999237060547,21.600000381469727,363383,0.0,0.0
2024-04-16 00:00:00+05:30,22.0,22.0,22.0,22.0,33319,0.0,0.0
2024-04-18 00:00:00+05:30,22.399999618530273,22.399999618530273,22.399999618530273,22.399999618530273,14481,0.0,0.0
2024-04-19 00:00:00+05:30,22.799999237060547,22.799999237060547,22.799999237060547,22.799999237060547,61973,0.0,0.0
2024-04-22 00:00:00+05:30,23.25,23.25,23.25,23.25,30573,0.0,0.0
2024-04-23 00:00:00+05:30,23.700000762939453,23.700000762939453,23.200000762939453,23.700000762939453,188282,0.0,0.0
2024-04-24 00:00:00+05:30,24.149999618530273,24.149999618530273,24.149999618530273,24.149999618530273,27063,0.0,0.0
2024-04-25 00:00:00+05:30,24.600000381469727,24.600000381469727,24.600000381469727,24.600000381469727,22686,0.0,0.0
2024-04-26 00:00:00+05:30,25.049999237060547,25.049999237060547,25.049999237060547,25.049999237060547,30291,0.0,0.0
2024-04-29 00:00:00+05:30,25.549999237060547,25.549999237060547,24.549999237060547,24.549999237060547,248048,0.0,0.0
2024-04-30 00:00:00+05:30,24.049999237060547,24.049999237060547,24.049999237060547,24.049999237060547,67231,0.0,0.0
2024-05-02 00:00:00+05:30,23.600000381469727,24.5,23.600000381469727,24.450000762939453,110002,0.0,0.0
2024-05-03 00:00:00+05:30,24.5,24.899999618530273,24.450000762939453,24.899999618530273,66449,0.0,0.0
2024-05-06 00:00:00+05:30,25.350000381469727,25.350000381469727,24.399999618530273,24.399999618530273,94424,0.0,0.0
2024-05-07 00:00:00+05:30,23.950000762939453,24.549999237060547,23.950000762939453,23.950000762939453,49035,0.0,0.0
2024-05-08 00:00:00+05:30,24.350000381469727,24.350000381469727,23.5,23.5,30953,0.0,0.0
2024-05-09 00:00:00+05:30,23.049999237060547,23.450000762939453,23.049999237060547,23.049999237060547,49047,0.0,0.0
2024-05-10 00:00:00+05:30,22.600000381469727,22.600000381469727,22.600000381469727,22.600000381469727,22492,0.0,0.0
2024-05-13 00:00:00+05:30,23.049999237060547,23.049999237060547,22.149999618530273,22.149999618530273,11068,0.0,0.0
2024-05-14 00:00:00+05:30,21.700000762939453,22.549999237060547,21.700000762939453,22.549999237060547,127133,0.0,0.0
2024-05-15 00:00:00+05:30,23.0,23.0,22.100000381469727,22.950000762939453,150353,0.0,0.0
2024-05-16 00:00:00+05:30,23.399999618530273,23.399999618530273,22.549999237060547,23.350000381469727,178357,0.0,0.0
2024-05-17 00:00:00+05:30,23.799999237060547,23.799999237060547,23.049999237060547,23.299999237060547,146417,0.0,0.0
2024-05-21 00:00:00+05:30,24.0,24.0,23.100000381469727,23.100000381469727,99286,0.0,0.0
2024-05-22 00:00:00+05:30,23.350000381469727,23.350000381469727,22.649999618530273,22.649999618530273,81418,0.0,0.0
2024-05-23 00:00:00+05:30,22.200000762939453,22.5,22.200000762939453,22.200000762939453,33616,0.0,0.0
2024-05-24 00:00:00+05:30,21.799999237060547,22.600000381469727,21.75,22.200000762939453,231880,0.0,0.0
2024-05-27 00:00:00+05:30,22.549999237060547,22.600000381469727,21.75,21.75,89376,0.0,0.0
2024-05-28 00:00:00+05:30,21.350000381469727,21.350000381469727,21.350000381469727,21.350000381469727,17456,0.0,0.0
2024-05-29 00:00:00+05:30,20.950000762939453,20.950000762939453,20.950000762939453,20.950000762939453,14960,0.0,0.0
2024-05-30 00:00:00+05:30,20.549999237060547,21.0,20.549999237060547,20.549999237060547,96358,0.0,0.0
2024-05-31 00:00:00+05:30,20.25,20.549999237060547,20.149999618530273,20.149999618530273,53204,0.0,0.0
2024-06-03 00:00:00+05:30,20.350000381469727,20.5,19.75,19.75,65188,0.0,0.0
2024-06-04 00:00:00+05:30,19.600000381469727,19.600000381469727,19.350000381469727,19.350000381469727,13044,0.0,0.0
2024-06-05 00:00:00+05:30,19.0,19.0,19.0,19.0,18581,0.0,0.0
2024-06-06 00:00:00+05:30,18.649999618530273,19.350000381469727,18.649999618530273,18.700000762939453,313763,0.0,0.0
2024-06-07 00:00:00+05:30,18.950000762939453,19.049999237060547,18.700000762939453,18.950000762939453,129227,0.0,0.0
2024-06-10 00:00:00+05:30,18.950000762939453,19.170000076293945,18.56999969482422,18.56999969482422,114527,0.0,0.0
2024-06-11 00:00:00+05:30,18.5,18.940000534057617,18.190000534057617,18.780000686645508,142109,0.0,0.0
2024-06-12 00:00:00+05:30,19.149999618530273,19.149999618530273,18.399999618530273,18.579999923706055,225166,0.0,0.0
2024-06-13 00:00:00+05:30,18.579999923706055,18.860000610351562,18.200000762939453,18.209999084472656,189208,0.0,0.0
2024-06-14 00:00:00+05:30,18.010000228881836,18.190000534057617,17.84000015258789,17.84000015258789,222600,0.0,0.0
2024-06-18 00:00:00+05:30,17.479999542236328,18.09000015258789,17.479999542236328,17.479999542236328,166575,0.0,0.0
2024-06-19 00:00:00+05:30,17.790000915527344,17.809999465942383,17.200000762939453,17.40999984741211,215717,0.0,0.0
2024-06-20 00:00:00+05:30,17.170000076293945,17.75,17.170000076293945,17.75,258520,0.0,0.0
2024-06-21 00:00:00+05:30,18.100000381469727,18.100000381469727,18.100000381469727,18.100000381469727,33442,0.0,0.0
2024-06-24 00:00:00+05:30,18.459999084472656,18.459999084472656,18.010000228881836,18.459999084472656,297994,0.0,0.0
2024-06-25 00:00:00+05:30,18.81999969482422,18.81999969482422,18.610000610351562,18.81999969482422,97594,0.0,0.0
2024-06-26 00:00:00+05:30,19.190000534057617,19.190000534057617,19.190000534057617,19.190000534057617,24247,0.0,0.0
2024-06-27 00:00:00+05:30,19.56999969482422,19.56999969482422,19.56999969482422,19.56999969482422,403161,0.0,0.0
2024-06-28 00:00:00+05:30,19.959999084472656,19.959999084472656,19.959999084472656,19.959999084472656,31572,0.0,0.0
2024-07-01 00:00:00+05:30,20.350000381469727,20.350000381469727,19.959999084472656,20.350000381469727,357488,0.0,0.0
2024-07-02 00:00:00+05:30,20.75,20.75,20.75,20.75,33797,0.0,0.0
2024-07-03 00:00:00+05:30,21.15999984741211,21.15999984741211,21.15999984741211,21.15999984741211,29605,0.0,0.0
2024-07-04 00:00:00+05:30,21.579999923706055,21.579999923706055,21.579999923706055,21.579999923706055,61213,0.0,0.0
2024-07-05 00:00:00+05:30,22.010000228881836,22.010000228881836,22.010000228881836,22.010000228881836,83220,0.0,0.0
2024-07-08 00:00:00+05:30,22.450000762939453,22.450000762939453,21.559999465942383,21.559999465942383,658996,0.0,0.0
2024-07-09 00:00:00+05:30,21.1200008392334,21.1200008392334,21.1200008392334,21.1200008392334,87663,0.0,0.0
2024-07-10 00:00:00+05:30,20.690000534057617,21.010000228881836,20.690000534057617,20.709999084472656,327665,0.0,0.0
2024-07-11 00:00:00+05:30,21.030000686645508,21.1200008392334,20.290000915527344,20.84000015258789,1674344,0.0,0.0
2024-07-12 00:00:00+05:30,20.420000076293945,20.420000076293945,20.420000076293945,20.420000076293945,342433,0.0,0.0
2024-07-15 00:00:00+05:30,20.010000228881836,20.81999969482422,20.010000228881836,20.809999465942383,8269142,0.0,0.0
2024-07-16 00:00:00+05:30,21.06999969482422,21.100000381469727,20.389999389648438,20.389999389648438,4615811,0.0,0.0
2024-07-18 00:00:00+05:30,20.450000762939453,20.790000915527344,20.450000762939453,20.780000686645508,1388924,0.0,0.0
2024-07-19 00:00:00+05:30,21.079999923706055,21.190000534057617,20.809999465942383,21.18000030517578,3462189,0.0,0.0
2024-07-22 00:00:00+05:30,21.3700008392334,21.600000381469727,20.75,21.0,10277100,0.0,0.0
2024-07-23 00:00:00+05:30,21.229999542236328,21.420000076293945,20.68000030517578,21.40999984741211,2834566,0.0,0.0
2024-07-24 00:00:00+05:30,21.420000076293945,21.790000915527344,20.979999542236328,21.06999969482422,5765315,0.0,0.0
2024-07-25 00:00:00+05:30,21.010000228881836,21.489999771118164,21.010000228881836,21.479999542236328,2228699,0.0,0.0
2024-07-26 00:00:00+05:30,21.889999389648438,21.899999618530273,21.6200008392334,21.889999389648438,3789682,0.0,0.0
2024-07-29 00:00:00+05:30,22.010000228881836,22.31999969482422,22.0,22.309999465942383,3536707,0.0,0.0
2024-07-30 00:00:00+05:30,22.600000381469727,22.75,22.219999313354492,22.309999465942383,10355473,0.0,0.0
2024-07-31 00:00:00+05:30,22.399999618530273,22.59000015258789,21.860000610351562,21.979999542236328,4463915,0.0,0.0
2024-08-01 00:00:00+05:30,22.149999618530273,22.399999618530273,21.540000915527344,21.540000915527344,3316567,0.0,0.0
2024-08-02 00:00:00+05:30,21.100000381469727,21.200000762939453,21.100000381469727,21.100000381469727,2189540,0.0,0.0
2024-08-05 00:00:00+05:30,20.670000076293945,20.670000076293945,20.670000076293945,20.670000076293945,74312,0.0,0.0
2024-08-06 00:00:00+05:30,20.25,20.25,20.25,20.25,40450,0.0,0.0
2024-08-07 00:00:00+05:30,19.229999542236328,19.229999542236328,19.229999542236328,19.229999542236328,347959,0.0,0.0
2024-08-08 00:00:00+05:30,18.260000228881836,18.260000228881836,18.260000228881836,18.260000228881836,229218,0.0,0.0
2024-08-09 00:00:00+05:30,17.34000015258789,18.850000381469727,17.34000015258789,17.979999542236328,7775440,0.0,0.0
2024-08-12 00:00:00+05:30,18.3799991607666,18.5,17.200000762939453,17.3700008392334,2834272,0.0,0.0
2024-08-13 00:00:00+05:30,17.739999771118164,18.229999542236328,16.5,16.5,5329765,0.0,0.0
2024-08-14 00:00:00+05:30,15.770000457763672,16.0,15.670000076293945,15.670000076293945,1215717,0.0,0.0
2024-08-16 00:00:00+05:30,15.899999618530273,16.139999389648438,15.699999809265137,15.899999618530273,849988,0.0,0.0
2024-08-19 00:00:00+05:30,16.399999618530273,16.690000534057617,16.170000076293945,16.420000076293945,1506758,0.0,0.0
2024-08-20 00:00:00+05:30,16.90999984741211,16.979999542236328,16.25,16.40999984741211,893569,0.0,0.0
2024-08-21 00:00:00+05:30,16.40999984741211,16.59000015258789,15.949999809265137,16.059999465942383,1131265,0.0,0.0
2024-08-22 00:00:00+05:30,16.579999923706055,16.860000610351562,16.0,16.770000457763672,1745995,0.0,0.0
2024-08-23 00:00:00+05:30,17.100000381469727,17.600000381469727,16.700000762939453,17.600000381469727,3760672,0.0,0.0
2024-08-26 00:00:00+05:30,18.479999542236328,18.479999542236328,17.549999237060547,18.420000076293945,4285100,0.0,0.0
2024-08-27 00:00:00+05:30,18.989999771118164,19.139999389648438,18.25,18.579999923706055,1061529,0.0,0.0
2024-08-28 00:00:00+05:30,19.100000381469727,19.200000762939453,17.649999618530273,17.65999984741211,1366863,0.0,0.0
2024-08-29 00:00:00+05:30,17.989999771118164,17.989999771118164,16.770000457763672,16.770000457763672,675009,0.0,0.0
2024-08-30 00:00:00+05:30,17.0,17.600000381469727,16.809999465942383,17.600000381469727,556900,0.0,0.0
2024-09-02 00:00:00+05:30,17.899999618530273,18.290000915527344,17.0,17.110000610351562,339427,0.0,0.0
2024-09-03 00:00:00+05:30,17.200000762939453,17.5,16.860000610351562,17.100000381469727,389564,0.0,0.0
2024-09-04 00:00:00+05:30,17.0,17.700000762939453,16.860000610351562,17.219999313354492,212119,0.0,0.0
2024-09-05 00:00:00+05:30,17.559999465942383,17.700000762939453,17.110000610351562,17.309999465942383,227372,0.0,0.0
2024-09-06 00:00:00+05:30,17.1299991607666,17.59000015258789,16.899999618530273,16.979999542236328,327068,0.0,0.0
2024-09-09 00:00:00+05:30,16.649999618530273,17.09000015258789,16.399999618530273,17.0,184089,0.0,0.0
2024-09-10 00:00:00+05:30,17.239999771118164,17.850000381469727,17.229999542236328,17.850000381469727,467470,0.0,0.0
2024-09-11 00:00:00+05:30,17.700000762939453,18.739999771118164,17.690000534057617,18.739999771118164,1093734,0.0,0.0
2024-09-12 00:00:00+05:30,19.489999771118164,19.670000076293945,19.209999084472656,19.670000076293945,487899,0.0,0.0
2024-09-13 00:00:00+05:30,20.649999618530273,20.649999618530273,19.110000610351562,19.450000762939453,1395272,0.0,0.0
2024-09-16 00:00:00+05:30,20.139999389648438,20.420000076293945,20.0,20.420000076293945,522888,0.0,0.0
2024-09-17 00:00:00+05:30,21.399999618530273,21.440000534057617,21.010000228881836,21.440000534057617,758886,0.0,0.0
2024-09-18 00:00:00+05:30,22.489999771118164,22.510000228881836,20.510000228881836,22.510000228881836,3379643,0.0,0.0
2024-09-19 00:00:00+05:30,23.489999771118164,23.6299991607666,21.3799991607666,21.450000762939453,2274777,0.0,0.0
2024-09-20 00:00:00+05:30,21.450000762939453,22.520000457763672,20.8700008392334,22.520000457763672,1197489,0.0,0.0
2024-09-23 00:00:00+05:30,23.399999618530273,23.639999389648438,23.110000610351562,23.639999389648438,666583,0.0,0.0
2024-09-24 00:00:00+05:30,24.3799991607666,24.600000381469727,22.700000762939453,22.8700008392334,1188492,0.0,0.0
2024-09-25 00:00:00+05:30,22.200000762939453,23.799999237060547,21.719999313354492,22.110000610351562,769343,0.0,0.0
2024-09-26 00:00:00+05:30,22.1200008392334,22.329999923706055,21.0,21.010000228881836,939840,0.0,0.0
2024-09-27 00:00:00+05:30,20.549999237060547,21.139999389648438,19.950000762939453,20.010000228881836,641608,0.0,0.0
2024-09-30 00:00:00+05:30,19.959999084472656,20.43000030517578,19.510000228881836,19.81999969482422,483195,0.0,0.0
2024-10-01 00:00:00+05:30,19.799999237060547,20.809999465942383,19.799999237060547,20.809999465942383,166932,0.0,0.0
2024-10-03 00:00:00+05:30,20.010000228881836,21.850000381469727,20.0,21.799999237060547,1073071,0.0,0.0
2024-10-04 00:00:00+05:30,21.709999084472656,22.889999389648438,21.010000228881836,22.889999389648438,1228270,0.0,0.0
2024-10-07 00:00:00+05:30,23.799999237060547,24.030000686645508,21.739999771118164,21.739999771118164,1375235,0.0,0.0
2024-10-08 00:00:00+05:30,21.549999237060547,22.670000076293945,20.700000762939453,22.15999984741211,654576,0.0,0.0
2024-10-09 00:00:00+05:30,22.290000915527344,24.290000915527344,22.209999084472656,23.3799991607666,915950,0.0,0.0
2024-10-10 00:00:00+05:30,23.989999771118164,24.3700008392334,23.049999237060547,23.530000686645508,459049,0.0,0.0
2024-10-11 00:00:00+05:30,23.549999237060547,25.799999237060547,22.190000534057617,24.780000686645508,1329785,0.0,0.0
2024-10-14 00:00:00+05:30,25.0,25.200000762939453,24.049999237060547,24.360000610351562,523291,0.0,0.0
2024-10-15 00:00:00+05:30,24.399999618530273,25.299999237060547,24.110000610351562,24.549999237060547,422908,0.0,0.0
2024-10-16 00:00:00+05:30,24.540000915527344,25.139999389648438,23.110000610351562,23.489999771118164,555534,0.0,0.0
2024-10-17 00:00:00+05:30,23.649999618530273,23.84000015258789,22.5,22.829999923706055,351543,0.0,0.0
2024-10-18 00:00:00+05:30,22.649999618530273,22.989999771118164,21.989999771118164,22.639999389648438,248027,0.0,0.0
2024-10-21 00:00:00+05:30,22.68000030517578,23.15999984741211,21.510000228881836,21.780000686645508,325203,0.0,0.0
2024-10-22 00:00:00+05:30,21.729999542236328,21.729999542236328,20.030000686645508,20.389999389648438,539175,0.0,0.0
2024-10-23 00:00:00+05:30,20.5,21.469999313354492,20.0,21.229999542236328,360191,0.0,0.0
2024-10-24 00:00:00+05:30,21.799999237060547,22.0,20.299999237060547,21.209999084472656,413981,0.0,0.0
2024-10-25 00:00:00+05:30,22.799999237060547,22.799999237060547,19.639999389648438,20.459999084472656,439866,0.0,0.0
2024-10-28 00:00:00+05:30,20.850000381469727,21.010000228881836,19.350000381469727,20.209999084472656,396558,0.0,0.0
2024-10-29 00:00:00+05:30,19.81999969482422,21.0,19.81999969482422,20.079999923706055,495361,0.0,0.0
2024-10-30 00:00:00+05:30,20.079999923706055,20.700000762939453,20.0,20.399999618530273,258605,0.0,0.0
2024-10-31 00:00:00+05:30,20.469999313354492,20.950000762939453,20.1200008392334,20.3799991607666,362005,0.0,0.0
2024-11-01 00:00:00+05:30,20.489999771118164,21.90999984741211,20.479999542236328,20.940000534057617,180930,0.0,0.0
2024-11-04 00:00:00+05:30,20.989999771118164,21.200000762939453,20.100000381469727,20.360000610351562,280544,0.0,0.0
2024-11-05 00:00:00+05:30,20.469999313354492,21.290000915527344,20.350000381469727,20.6299991607666,277166,0.0,0.0
2024-11-06 00:00:00+05:30,21.25,21.729999542236328,20.700000762939453,21.3799991607666,421519,0.0,0.0
2024-11-07 00:00:00+05:30,21.799999237060547,21.799999237060547,20.950000762939453,21.049999237060547,374615,0.0,0.0
2024-11-08 00:00:00+05:30,21.190000534057617,21.190000534057617,19.600000381469727,19.8799991607666,535607,0.0,0.0
2024-11-11 00:00:00+05:30,20.540000915527344,20.940000534057617,19.649999618530273,19.90999984741211,240727,0.0,0.0
2024-11-12 00:00:00+05:30,19.90999984741211,20.190000534057617,18.600000381469727,19.389999389648438,387953,0.0,0.0
2024-11-13 00:00:00+05:30,19.3700008392334,19.59000015258789,17.90999984741211,18.18000030517578,301940,0.0,0.0
2024-11-14 00:00:00+05:30,18.079999923706055,19.149999618530273,18.059999465942383,18.829999923706055,239891,0.0,0.0
2024-11-18 00:00:00+05:30,18.899999618530273,19.440000534057617,18.010000228881836,18.850000381469727,229974,0.0,0.0
2024-11-19 00:00:00+05:30,18.959999084472656,19.520000457763672,18.920000076293945,19.170000076293945,145868,0.0,0.0
2024-11-21 00:00:00+05:30,19.5,19.950000762939453,18.010000228881836,18.540000915527344,304567,0.0,0.0
2024-11-22 00:00:00+05:30,18.56999969482422,19.459999084472656,18.0,18.829999923706055,160543,0.0,0.0
2024-11-25 00:00:00+05:30,19.239999771118164,19.6200008392334,18.700000762939453,18.93000030517578,256060,0.0,0.0
2024-11-26 00:00:00+05:30,19.0,19.479999542236328,18.809999465942383,19.040000915527344,111219,0.0,0.0
2024-11-27 00:00:00+05:30,19.280000686645508,19.350000381469727,18.850000381469727,18.979999542236328,110784,0.0,0.0
2024-11-28 00:00:00+05:30,19.040000915527344,20.100000381469727,18.989999771118164,19.280000686645508,320449,0.0,0.0
2024-11-29 00:00:00+05:30,19.889999389648438,19.889999389648438,19.010000228881836,19.3799991607666,237208,0.0,0.0
2024-12-02 00:00:00+05:30,19.299999237060547,20.290000915527344,19.299999237060547,20.06999969482422,306923,0.0,0.0
2024-12-03 00:00:00+05:30,20.190000534057617,21.25,20.06999969482422,21.1200008392334,335174,0.0,0.0
2024-12-04 00:00:00+05:30,21.190000534057617,21.479999542236328,20.549999237060547,21.209999084472656,271101,0.0,0.0
2024-12-05 00:00:00+05:30,21.489999771118164,21.959999084472656,20.520000457763672,21.040000915527344,248930,0.0,0.0
2024-12-06 00:00:00+05:30,21.09000015258789,21.200000762939453,19.65999984741211,20.290000915527344,455845,0.0,0.0
2024-12-09 00:00:00+05:30,20.700000762939453,20.709999084472656,20.0,20.059999465942383,183461,0.0,0.0
2024-12-10 00:00:00+05:30,20.0,20.989999771118164,19.510000228881836,20.049999237060547,230320,0.0,0.0
2024-12-11 00:00:00+05:30,20.299999237060547,20.299999237060547,19.309999465942383,19.510000228881836,273554,0.0,0.0
2024-12-12 00:00:00+05:30,19.850000381469727,19.850000381469727,18.8799991607666,19.0,216954,0.0,0.0
2024-12-13 00:00:00+05:30,18.90999984741211,19.700000762939453,18.540000915527344,19.260000228881836,397793,0.0,0.0
2024-12-16 00:00:00+05:30,19.649999618530273,19.649999618530273,18.899999618530273,19.030000686645508,127070,0.0,0.0
2024-12-17 00:00:00+05:30,19.420000076293945,19.5,18.799999237060547,18.920000076293945,154359,0.0,0.0
2024-12-18 00:00:00+05:30,19.139999389648438,20.799999237060547,19.049999237060547,19.40999984741211,708720,0.0,0.0
2024-12-19 00:00:00+05:30,19.350000381469727,19.5,18.860000610351562,19.09000015258789,361505,0.0,0.0
2024-12-20 00:00:00+05:30,19.290000915527344,19.290000915527344,18.31999969482422,18.420000076293945,322294,0.0,0.0
2024-12-23 00:00:00+05:30,18.799999237060547,18.799999237060547,18.0,18.110000610351562,228486,0.0,0.0
2024-12-24 00:00:00+05:30,18.540000915527344,18.540000915527344,17.899999618530273,18.15999984741211,105008,0.0,0.0
2024-12-26 00:00:00+05:30,18.3700008392334,18.3700008392334,17.950000762939453,18.020000457763672,220875,0.0,0.0
2024-12-27 00:00:00+05:30,18.280000686645508,18.280000686645508,17.850000381469727,18.06999969482422,173147,0.0,0.0
2024-12-30 00:00:00+05:30,18.06999969482422,18.350000381469727,17.829999923706055,18.219999313354492,209184,0.0,0.0
2024-12-31 00:00:00+05:30,18.389999389648438,18.389999389648438,18.110000610351562,18.190000534057617,101432,0.0,0.0
2025-01-01 00:00:00+05:30,18.299999237060547,18.6200008392334,18.110000610351562,18.190000534057617,145329,0.0,0.0
2025-01-02 00:00:00+05:30,18.200000762939453,18.34000015258789,18.110000610351562,18.290000915527344,115789,0.0,0.0
2025-01-03 00:00:00+05:30,20.110000610351562,20.110000610351562,19.3799991607666,20.110000610351562,1168477,0.0,0.0
2025-01-06 00:00:00+05:30,22.1200008392334,22.1200008392334,22.1200008392334,22.1200008392334,609608,0.0,0.0
2025-01-07 00:00:00+05:30,23.760000228881836,24.329999923706055,22.1200008392334,23.56999969482422,3704692,0.0,0.0
2025-01-08 00:00:00+05:30,24.149999618530273,24.739999771118164,22.5,23.959999084472656,8484776,0.0,0.0
2025-01-09 00:00:00+05:30,24.270000457763672,24.270000457763672,22.760000228881836,22.760000228881836,1876185,0.0,0.0
2025-01-10 00:00:00+05:30,22.25,22.799999237060547,21.6200008392334,21.6200008392334,501305,0.0,0.0
2025-01-13 00:00:00+05:30,20.649999618530273,22.700000762939453,20.530000686645508,22.3799991607666,2247101,0.0,0.0
2025-01-14 00:00:00+05:30,22.3799991607666,23.440000534057617,21.899999618530273,22.31999969482422,1044472,0.0,0.0
2025-01-15 00:00:00+05:30,22.43000030517578,23.43000030517578,21.799999237060547,23.280000686645508,1404683,0.0,0.0
2025-01-16 00:00:00+05:30,22.110000610351562,22.299999237060547,22.110000610351562,22.110000610351562,1578226,0.0,0.0
2025-01-17 00:00:00+05:30,21.0,21.389999389648438,21.0,21.0,1409109,0.0,0.0
2025-01-20 00:00:00+05:30,20.549999237060547,20.950000762939453,19.950000762939453,19.950000762939453,5866778,0.0,0.0
2025-01-21 00:00:00+05:30,19.729999542236328,20.1299991607666,19.059999465942383,19.969999313354492,1632438,0.0,0.0
2025-01-22 00:00:00+05:30,20.0,20.889999389648438,19.56999969482422,20.260000228881836,1864506,0.0,0.0
2025-01-23 00:00:00+05:30,20.690000534057617,21.200000762939453,20.360000610351562,20.8799991607666,890809,0.0,0.0
2025-01-24 00:00:00+05:30,21.450000762939453,21.450000762939453,20.610000610351562,20.729999542236328,609356,0.0,0.0
2025-01-27 00:00:00+05:30,20.5,20.5,19.690000534057617,19.690000534057617,636039,0.0,0.0
2025-01-28 00:00:00+05:30,20.0,20.200000762939453,18.700000762939453,18.700000762939453,1574461,0.0,0.0
2025-01-29 00:00:00+05:30,19.0,19.6299991607666,18.90999984741211,19.600000381469727,683264,0.0,0.0
2025-01-30 00:00:00+05:30,20.25,20.25,19.110000610351562,19.3799991607666,347386,0.0,0.0
2025-01-31 00:00:00+05:30,19.5,19.610000610351562,19.020000457763672,19.25,494441,0.0,0.0
2025-02-01 00:00:00+05:30,19.350000381469727,19.889999389648438,18.989999771118164,19.15999984741211,321626,0.0,0.0
2025-02-03 00:00:00+05:30,19.389999389648438,19.559999465942383,18.969999313354492,19.110000610351562,338780,0.0,0.0
2025-02-04 00:00:00+05:30,19.25,19.479999542236328,18.81999969482422,18.989999771118164,1378219,0.0,0.0
2025-02-05 00:00:00+05:30,19.25,19.649999618530273,18.90999984741211,18.979999542236328,1486787,0.0,0.0
2025-02-06 00:00:00+05:30,19.09000015258789,19.200000762939453,18.84000015258789,18.950000762939453,1239050,0.0,0.0
2025-02-07 00:00:00+05:30,19.1299991607666,19.739999771118164,18.799999237060547,19.020000457763672,402590,0.0,0.0
2025-02-10 00:00:00+05:30,18.65999984741211,19.389999389648438,18.65999984741211,18.799999237060547,697196,0.0,0.0
2025-02-11 00:00:00+05:30,18.690000534057617,19.149999618530273,17.780000686645508,18.079999923706055,501025,0.0,0.0
2025-02-12 00:00:00+05:30,18.0,18.18000030517578,16.979999542236328,17.200000762939453,842894,0.0,0.0
2025-02-13 00:00:00+05:30,17.25,17.860000610351562,16.860000610351562,17.100000381469727,333599,0.0,0.0
2025-02-14 00:00:00+05:30,16.940000534057617,16.940000534057617,15.800000190734863,16.200000762939453,714961,0.0,0.0
2025-02-17 00:00:00+05:30,16.040000915527344,16.600000381469727,15.25,15.600000381469727,1426172,0.0,0.0
2025-02-18 00:00:00+05:30,15.399999618530273,15.869999885559082,15.100000381469727,15.510000228881836,464593,0.0,0.0
2025-02-19 00:00:00+05:30,15.25,16.149999618530273,15.239999771118164,15.739999771118164,846894,0.0,0.0
2025-02-20 00:00:00+05:30,15.75,16.200000762939453,15.720000267028809,16.110000610351562,456039,0.0,0.0
2025-02-21 00:00:00+05:30,16.450000762939453,16.450000762939453,14.510000228881836,15.630000114440918,513261,0.0,0.0
2025-02-24 00:00:00+05:30,15.520000457763672,15.550000190734863,15.140000343322754,15.380000114440918,386238,0.0,0.0
2025-02-25 00:00:00+05:30,15.260000228881836,15.510000228881836,15.069999694824219,15.180000305175781,187493,0.0,0.0
2025-02-27 00:00:00+05:30,15.460000038146973,15.5,14.739999771118164,14.970000267028809,209449,0.0,0.0
2025-02-28 00:00:00+05:30,14.899999618530273,14.899999618530273,14.220000267028809,14.479999542236328,296364,0.0,0.0
2025-03-03 00:00:00+05:30,14.760000228881836,14.760000228881836,13.210000038146973,13.390000343322754,610490,0.0,0.0
2025-03-04 00:00:00+05:30,13.539999961853027,13.880000114440918,13.020000457763672,13.489999771118164,464925,0.0,0.0
2025-03-05 00:00:00+05:30,13.600000381469727,14.829999923706055,13.4399995803833,14.739999771118164,849159,0.0,0.0
2025-03-06 00:00:00+05:30,14.819999694824219,15.300000190734863,14.149999618530273,14.979999542236328,1048559,0.0,0.0
2025-03-07 00:00:00+05:30,15.180000305175781,15.960000038146973,15.010000228881836,15.460000038146973,718521,0.0,0.0
2025-03-10 00:00:00+05:30,15.460000038146973,15.75,14.609999656677246,14.8100004196167,236129,0.0,0.0
2025-03-11 00:00:00+05:30,14.600000381469727,14.800000190734863,13.550000190734863,14.369999885559082,405073,0.0,0.0
2025-03-12 00:00:00+05:30,14.369999885559082,14.789999961853027,13.859999656677246,14.010000228881836,477845,0.0,0.0
2025-03-13 00:00:00+05:30,14.5,14.829999923706055,14.0,14.460000038146973,283765,0.0,0.0
2025-03-17 00:00:00+05:30,14.460000038146973,14.539999961853027,13.760000228881836,13.850000381469727,442114,0.0,0.0
2025-03-18 00:00:00+05:30,13.850000381469727,13.850000381469727,13.850000381469727,13.850000381469727,0,0.0,0.0
2025-03-19 00:00:00+05:30,15.239999771118164,15.970000267028809,15.149999618530273,15.510000228881836,822438,0.0,0.0
2025-03-20 00:00:00+05:30,15.979999542236328,16.06999969482422,15.010000228881836,15.289999961853027,491794,0.0,0.0
2025-03-21 00:00:00+05:30,15.25,15.989999771118164,15.25,15.680000305175781,363083,0.0,0.0
2025-03-24 00:00:00+05:30,15.720000267028809,16.170000076293945,15.100000381469727,15.449999809265137,520124,0.0,0.0
2025-03-25 00:00:00+05:30,15.520000457763672,15.770000457763672,14.84000015258789,14.960000038146973,358647,0.0,0.0
2025-03-26 00:00:00+05:30,14.970000267028809,15.300000190734863,14.020000457763672,14.130000114440918,629099,0.0,0.0
2025-03-27 00:00:00+05:30,14.109999656677246,14.470000267028809,13.8100004196167,13.880000114440918,774816,0.0,0.0
2025-03-28 00:00:00+05:30,13.920000076293945,14.800000190734863,13.199999809265137,13.520000457763672,770698,0.0,0.0
2025-04-01 00:00:00+05:30,13.399999618530273,14.6899995803833,13.399999618530273,14.630000114440918,611739,0.0,0.0
2025-04-02 00:00:00+05:30,14.600000381469727,15.050000190734863,14.149999618530273,14.979999542236328,276897,0.0,0.0
2025-04-03 00:00:00+05:30,15.020000457763672,15.289999961853027,14.720000267028809,15.239999771118164,258538,0.0,0.0
2025-04-04 00:00:00+05:30,15.449999809265137,15.539999961853027,14.899999618530273,15.180000305175781,174280,0.0,0.0
2025-04-07 00:00:00+05:30,13.800000190734863,14.649999618530273,13.65999984741211,14.239999771118164,569412,0.0,0.0
2025-04-08 00:00:00+05:30,14.6899995803833,14.699999809265137,14.0,14.300000190734863,261574,0.0,0.0
2025-04-09 00:00:00+05:30,14.300000190734863,14.399999618530273,13.760000228881836,14.1899995803833,189726,0.0,0.0
2025-04-11 00:00:00+05:30,14.3100004196167,15.5,14.050000190734863,14.6899995803833,249026,0.0,0.0
2025-04-15 00:00:00+05:30,14.850000381469727,16.149999618530273,14.850000381469727,16.149999618530273,674262,0.0,0.0
2025-04-16 00:00:00+05:30,16.469999313354492,16.739999771118164,15.65999984741211,16.170000076293945,612807,0.0,0.0
2025-04-17 00:00:00+05:30,16.459999084472656,17.780000686645508,16.200000762939453,17.450000762939453,1447733,0.0,0.0
2025-04-21 00:00:00+05:30,17.84000015258789,17.979999542236328,17.510000228881836,17.84000015258789,360460,0.0,0.0
2025-04-22 00:00:00+05:30,18.200000762939453,18.700000762939453,17.5,17.700000762939453,365998,0.0,0.0
2025-04-23 00:00:00+05:30,17.739999771118164,18.75,17.1200008392334,18.59000015258789,749067,0.0,0.0
2025-04-24 00:00:00+05:30,18.889999389648438,19.0,18.1299991607666,18.209999084472656,324421,0.0,0.0
2025-04-25 00:00:00+05:30,18.290000915527344,18.389999389648438,16.899999618530273,16.979999542236328,420498,0.0,0.0
2025-04-28 00:00:00+05:30,16.950000762939453,17.18000030517578,16.440000534057617,16.56999969482422,258560,0.0,0.0
2025-04-29 00:00:00+05:30,16.5,17.100000381469727,16.25,16.40999984741211,207091,0.0,0.0
2025-04-30 00:00:00+05:30,16.489999771118164,16.809999465942383,16.010000228881836,16.1200008392334,196680,0.0,0.0
2025-05-02 00:00:00+05:30,16.440000534057617,16.6299991607666,15.859999656677246,15.920000076293945,162946,0.0,0.0
2025-05-05 00:00:00+05:30,16.049999237060547,16.739999771118164,15.819999694824219,16.5,299119,0.0,0.0
2025-05-06 00:00:00+05:30,16.770000457763672,16.770000457763672,15.300000190734863,15.880000114440918,190281,0.0,0.0
2025-05-07 00:00:00+05:30,15.5,16.299999237060547,15.399999618530273,15.9399995803833,143922,0.0,0.0
2025-05-08 00:00:00+05:30,16.059999465942383,16.25,15.600000381469727,15.760000228881836,142356,0.0,0.0
2025-05-09 00:00:00+05:30,15.4399995803833,15.670000076293945,15.0600004196167,15.25,170200,0.0,0.0
2025-05-12 00:00:00+05:30,15.930000305175781,16.43000030517578,15.850000381469727,16.229999542236328,172028,0.0,0.0
2025-05-13 00:00:00+05:30,16.3799991607666,16.549999237060547,16.020000457763672,16.209999084472656,142081,0.0,0.0
2025-05-14 00:00:00+05:30,16.479999542236328,17.549999237060547,16.219999313354492,17.25,368128,0.0,0.0
2025-05-15 00:00:00+05:30,17.889999389648438,18.25,17.329999923706055,17.729999542236328,475480,0.0,0.0
