Date,Open,High,Low,Close,Volume,Dividends,Stock Splits
2020-01-01 00:00:00+05:30,77.68258934015698,78.30833818382607,76.78865852340063,78.12955474853516,51506,0.0,0.0
2020-01-02 00:00:00+05:30,77.86137581119036,83.940108330198,77.86137581119036,82.9120864868164,192596,0.0,0.0
2020-01-03 00:00:00+05:30,83.26966521662892,85.81736693343495,81.52649585870259,82.46512603759766,165747,0.0,0.0
2020-01-06 00:00:00+05:30,81.16892285919882,82.68860255650112,78.12955664444316,78.21894836425781,87004,0.0,0.0
2020-01-07 00:00:00+05:30,80.31968739699563,92.43245342735888,78.66591664964139,87.96279907226562,568369,0.0,0.0
2020-01-08 00:00:00+05:30,83.31436131833013,90.51050815125619,82.82270339083418,85.28101348876953,473808,0.0,0.0
2020-01-09 00:00:00+05:30,86.26433928634297,88.23098470781534,81.25832717883432,84.07421112060547,367582,0.0,0.0
2020-01-10 00:00:00+05:30,84.56585463689173,88.14157793502795,84.56585463689173,85.45978546142578,254292,0.0,0.0
2020-01-13 00:00:00+05:30,87.9628064197916,89.43779384420822,84.11890062526975,85.95146179199219,169269,0.0,0.0
2020-01-14 00:00:00+05:30,85.95145777708007,88.94612494122153,84.20828842232197,88.09689331054688,240685,0.0,0.0
2020-01-15 00:00:00+05:30,88.67794600969918,90.10824096159094,85.81736974621926,87.91810607910156,116551,0.0,0.0
2020-01-16 00:00:00+05:30,88.40977189263592,88.94612909601872,85.4597970438027,85.95146179199219,103210,0.0,0.0
2020-01-17 00:00:00+05:30,85.90677522919476,87.42646215384094,85.1469351769481,85.50450897216797,51453,0.0,0.0
2020-01-20 00:00:00+05:30,85.72796395792123,87.64991651670492,84.02949409620192,84.65524291992188,35944,0.0,0.0
2020-01-21 00:00:00+05:30,84.25297756982039,87.11355339054975,84.11888658631574,85.0128173828125,48624,0.0,0.0
2020-01-22 00:00:00+05:30,84.92342265675524,87.51582323872839,83.671918221994,85.19160461425781,136593,0.0,0.0
2020-01-23 00:00:00+05:30,86.04085911609037,86.8900908416428,84.92344536133595,85.5491943359375,65822,0.0,0.0
2020-01-24 00:00:00+05:30,85.81737258671465,87.15826903338207,84.20829412265296,85.37040710449219,67930,0.0,0.0
2020-01-27 00:00:00+05:30,85.19160461425781,87.06885785632441,84.43175800805066,85.19160461425781,69237,0.0,0.0
2020-01-28 00:00:00+05:30,85.32569739132235,86.39841850953417,83.40375150897631,84.25298309326172,45252,0.0,0.0
2020-01-29 00:00:00+05:30,84.83404572375633,85.77266909823764,83.22496733871456,83.537841796875,63100,0.0,0.0
2020-01-30 00:00:00+05:30,84.43177710531289,84.923441865225,80.99014424638418,81.70529174804688,41001,0.0,0.0
2020-01-31 00:00:00+05:30,82.82270109077572,82.82270109077572,78.3530464913831,79.20227813720703,62680,0.0,0.0
2020-02-03 00:00:00+05:30,77.68259721878795,78.97879430648564,76.2076098575154,76.83335876464844,46856,0.0,0.0
2020-02-04 00:00:00+05:30,77.1015338830403,80.00680907283603,77.1015338830403,79.15757751464844,66507,0.0,0.0
2020-02-05 00:00:00+05:30,79.73863951935002,80.18560500279963,76.25231420456467,77.05684661865234,62712,0.0,0.0
2020-02-06 00:00:00+05:30,76.1182027261565,78.66590393267326,76.07350346177104,77.45909881591797,24671,0.0,0.0
2020-02-07 00:00:00+05:30,77.36971435214186,81.3477037295369,77.32501508357079,80.76664733886719,91712,0.0,0.0
2020-02-10 00:00:00+05:30,81.39240847749281,84.4764672522938,81.39240847749281,82.3310317993164,69974,0.0,0.0
2020-02-11 00:00:00+05:30,82.46513738353077,83.58255116921548,77.86139122247931,78.93411254882812,33811,0.0,0.0
2020-02-12 00:00:00+05:30,79.47046505238463,80.4537877609885,76.87806386050013,77.41442108154297,33013,0.0,0.0
2020-02-13 00:00:00+05:30,76.96744406798457,78.30834032986637,75.89472978653957,76.56517791748047,31143,0.0,0.0
2020-02-14 00:00:00+05:30,76.07353029450279,81.52650828554927,75.35838955314162,77.9954833984375,112124,0.0,0.0
2020-02-17 00:00:00+05:30,78.66592123342114,81.34771400274232,76.1629119206607,76.87805938720703,38381,0.0,0.0
2020-02-18 00:00:00+05:30,77.68260469749194,77.77199643280954,73.61521594909445,74.15157318115234,39741,0.0,0.0
2020-02-19 00:00:00+05:30,75.04548988671256,76.2969944033417,74.55383202599639,75.85002899169922,62443,0.0,0.0
2020-02-20 00:00:00+05:30,75.49245761023336,75.49245761023336,73.30232975417518,74.95610046386719,35547,0.0,0.0
2020-02-24 00:00:00+05:30,73.43640488514518,75.7606232308523,72.05080963781899,72.94474029541016,20140,0.0,0.0
2020-02-25 00:00:00+05:30,73.25764480801547,74.50914960768364,72.8553785746215,73.57052612304688,54763,0.0,0.0
2020-02-26 00:00:00+05:30,73.03415691264303,82.91209677693121,72.9894644566065,78.3530502319336,266828,0.0,0.0
2020-02-27 00:00:00+05:30,77.7719898453678,78.66592076313064,73.48111871204547,74.1962661743164,97757,0.0,0.0
2020-02-28 00:00:00+05:30,72.49779340039514,73.30233256082471,69.41373457559173,70.08418273925781,130006,0.0,0.0
2020-03-02 00:00:00+05:30,73.03414991838646,74.50913722937679,63.46909226313019,64.76528930664062,188968,0.0,0.0
2020-03-03 00:00:00+05:30,65.16756017704536,66.55314889922317,62.664551074822455,65.97209930419922,77647,0.0,0.0
2020-03-04 00:00:00+05:30,65.97209086939307,66.64253891960986,62.664543062900044,65.61451721191406,62770,0.0,0.0
2020-03-05 00:00:00+05:30,64.36302334447909,67.00011671178262,64.36302334447909,65.07817077636719,42355,0.0,0.0
2020-03-06 00:00:00+05:30,62.575166937166586,66.59785624027015,60.34033954655349,64.6759033203125,50028,0.0,0.0
2020-03-09 00:00:00+05:30,64.67590148860424,64.67590148860424,60.3403378376342,61.10017776489258,79319,0.0,0.0
2020-03-11 00:00:00+05:30,62.70924914694272,67.22359575055715,60.787296496622254,61.278961181640625,48640,0.0,0.0
2020-03-12 00:00:00+05:30,56.317646470557236,57.97141726478933,53.63585378148308,55.51310729980469,253820,0.0,0.0
2020-03-13 00:00:00+05:30,53.63585378148308,58.105508263273336,51.84799198876698,55.51310729980469,221026,0.0,0.0
2020-03-16 00:00:00+05:30,56.228251125208004,56.228251125208004,51.892684510931964,53.85933303833008,87223,0.0,0.0
2020-03-17 00:00:00+05:30,53.72524166305895,57.21157327343936,53.72524166305895,54.66387176513672,59703,0.0,0.0
2020-03-18 00:00:00+05:30,53.90403394538643,57.61384522776077,50.95406258311594,51.57981491088867,206417,0.0,0.0
2020-03-19 00:00:00+05:30,54.01195094178064,56.62765506750481,48.82643850150911,51.02913284301758,167852,1.5,0.0
2020-03-20 00:00:00+05:30,52.31404221913779,56.90299329099198,51.5339219373593,55.48041915893555,111856,0.0,0.0
2020-03-23 00:00:00+05:30,48.91822307718624,56.85711070041018,48.91822307718624,52.03871154785156,66288,0.0,0.0
2020-03-24 00:00:00+05:30,50.616136125851995,56.444103093617976,50.616136125851995,53.46128463745117,96280,0.0,0.0
2020-03-25 00:00:00+05:30,54.42495347527491,54.47084228110678,51.304469164518714,52.72704315185547,35758,0.0,0.0
2020-03-26 00:00:00+05:30,52.31404286132071,55.526308651050925,52.130484115974895,53.369503021240234,81377,0.0,0.0
2020-03-27 00:00:00+05:30,56.8571095891623,56.90299840378563,52.54349449381819,54.0578498840332,50902,0.0,0.0
2020-03-30 00:00:00+05:30,54.14962595943952,54.608521094689,49.97368092888759,50.70791244506836,70018,0.0,0.0
2020-03-31 00:00:00+05:30,51.4880346405954,51.99282210853808,49.28534001222258,49.46889877319336,100259,0.0,0.0
2020-04-01 00:00:00+05:30,49.37712521576582,50.93736967169391,49.37712521576582,50.75381088256836,17550,0.0,0.0
2020-04-03 00:00:00+05:30,50.891470169397294,51.30447648298143,49.28533722853051,49.83600997924805,38064,0.0,0.0
2020-04-07 00:00:00+05:30,49.83600979204066,54.60851978433543,49.83600979204066,53.231834411621094,82957,0.0,0.0
2020-04-08 00:00:00+05:30,52.77294142142558,54.6085219926056,50.662024464786974,50.98324966430664,85191,0.0,0.0
2020-04-09 00:00:00+05:30,51.44213913182905,58.371454323349475,51.44213913182905,55.52630615234375,177991,0.0,0.0
2020-04-13 00:00:00+05:30,58.600914872452414,65.80556801770346,52.58938853136432,64.33710479736328,912722,0.0,0.0
2020-04-15 00:00:00+05:30,64.24532148573134,69.20139054363891,58.555020882490986,66.08090209960938,701780,0.0,0.0
2020-04-16 00:00:00+05:30,73.92801536695761,77.8286243477876,71.58764717758575,73.56089782714844,2615871,0.0,0.0
2020-04-17 00:00:00+05:30,73.97389336908002,75.99303613730028,68.83426932647346,69.5685043334961,332236,0.0,0.0
2020-04-20 00:00:00+05:30,69.33905073458675,71.31229401513635,66.81512774560315,67.31990814208984,136197,0.0,0.0
2020-04-21 00:00:00+05:30,64.5206621168109,66.08090285558282,62.04262405841588,62.685081481933594,104197,0.0,0.0
2020-04-22 00:00:00+05:30,65.94321993137237,65.94321993137237,60.39059380481241,61.30838394165039,90073,0.0,0.0
2020-04-23 00:00:00+05:30,63.28163573519255,63.32752804914524,60.84949714374794,62.18029022216797,58391,0.0,0.0
2020-04-24 00:00:00+05:30,61.49193825401606,65.25487635867597,59.656358007627524,59.931697845458984,50884,0.0,0.0
2020-04-27 00:00:00+05:30,60.620047909956114,62.86863118807202,60.43648566138138,61.12482833862305,61514,0.0,0.0
2020-04-28 00:00:00+05:30,62.6850745846179,63.18985500235689,61.03304939412892,61.26249694824219,55828,0.0,0.0
2020-04-29 00:00:00+05:30,63.2357422829435,63.2357422829435,61.49193960998492,61.996726989746094,58879,0.0,0.0
2020-04-30 00:00:00+05:30,62.45562722144927,67.64113635851575,62.08850973330893,63.64875030517578,183345,0.0,0.0
2020-05-04 00:00:00+05:30,60.66593383391904,63.648752132128664,60.34470864839478,60.62004852294922,58410,0.0,0.0
2020-05-05 00:00:00+05:30,62.36384360546708,62.36384360546708,58.004343494636714,58.73857498168945,73206,0.0,0.0
2020-05-06 00:00:00+05:30,59.6563650167383,59.6563650167383,57.453667061837365,58.14200973510742,45530,0.0,0.0
2020-05-07 00:00:00+05:30,58.46323957414875,59.10569344880594,57.45366819937547,57.91256332397461,27343,0.0,0.0
2020-05-08 00:00:00+05:30,59.19747089204334,60.34470870002868,57.361890399266805,57.82078552246094,44978,0.0,0.0
2020-05-11 00:00:00+05:30,58.69269107042881,63.05219154523184,58.050237152710025,61.40017318725586,180658,0.0,0.0
2020-05-12 00:00:00+05:30,60.57415116546028,61.40016371815321,58.922126060074405,59.83991622924805,33185,0.0,0.0
2020-05-13 00:00:00+05:30,63.32753179075537,63.32753179075537,60.84950073894741,61.5837287902832,78063,0.0,0.0
2020-05-14 00:00:00+05:30,61.44605314385005,61.629615391298394,60.16115242263048,60.436485290527344,51214,0.0,0.0
2020-05-15 00:00:00+05:30,64.2453325099289,65.07134532835082,61.308405824634946,62.2261962890625,111723,0.0,0.0
2020-05-18 00:00:00+05:30,62.22617046656886,62.96039833211114,58.27967030636701,58.69267654418945,105668,0.0,0.0
2020-05-19 00:00:00+05:30,60.48237673652185,60.48237673652185,57.361888596438845,57.86667251586914,49571,0.0,0.0
2020-05-20 00:00:00+05:30,58.417354583740234,59.56459247029372,57.36189432767416,58.417354583740234,39220,0.0,0.0
2020-05-21 00:00:00+05:30,58.41734566833888,61.35427140882121,58.233786934285824,59.83991622924805,96829,0.0,0.0
2020-05-22 00:00:00+05:30,59.83991676316805,60.390596471332294,57.13243854082173,58.83034896850586,59772,0.0,0.0
2020-05-26 00:00:00+05:30,60.207036205416024,62.776851587027075,58.46323691199915,59.97758865356445,856834,0.0,0.0
2020-05-27 00:00:00+05:30,60.57415194124789,65.62199793635189,58.646793961735774,59.42691421508789,1561212,0.0,0.0
2020-05-28 00:00:00+05:30,59.610474072187664,60.84949651425248,57.912563506263204,58.50912857055664,524731,0.0,0.0
2020-05-29 00:00:00+05:30,58.50912820725214,59.013915643639244,57.132442837669736,57.82078552246094,244981,0.0,0.0
2020-06-01 00:00:00+05:30,58.600899195498805,62.40972968713561,58.14200412426987,61.491939544677734,907199,0.0,0.0
2020-06-02 00:00:00+05:30,61.76727820931639,62.73095363919332,58.78446030326229,59.5186882019043,764422,0.0,0.0
2020-06-03 00:00:00+05:30,59.931709632711154,61.262502772207476,59.243366904933545,60.115264892578125,313800,0.0,0.0
2020-06-04 00:00:00+05:30,59.564587953782755,60.574155816962026,58.738575337660144,58.9221305847168,163098,0.0,0.0
2020-06-05 00:00:00+05:30,59.56458982003317,62.226182998849474,59.24336462652762,60.57415771484375,344617,0.0,0.0
2020-06-08 00:00:00+05:30,61.17072084213072,63.32752650377919,61.12482852929793,61.72139358520508,433184,0.0,0.0
2020-06-09 00:00:00+05:30,61.95083343343114,62.36383618878084,59.15157075149181,59.5186882019043,167508,0.0,0.0
2020-06-10 00:00:00+05:30,60.25293483857051,60.94127756634812,59.42692216480051,60.115264892578125,137714,0.0,0.0
2020-06-11 00:00:00+05:30,60.20703294430368,66.17266896931605,59.74813786545657,65.16310119628906,1141478,0.0,0.0
2020-06-12 00:00:00+05:30,62.77684652436291,68.97192992475037,60.57414880378854,66.81512451171875,3213725,0.0,0.0
2020-06-15 00:00:00+05:30,66.58569544923932,66.72335840568921,63.46520672965081,64.33710479736328,265713,0.0,0.0
2020-06-16 00:00:00+05:30,65.9432362021845,65.9432362021845,61.859071886403356,63.18986511230469,294727,0.0,0.0
2020-06-17 00:00:00+05:30,63.28163587967083,69.70616772541138,63.05218831375152,67.96237182617188,953913,0.0,0.0
2020-06-18 00:00:00+05:30,69.01781880491212,69.06371111483188,66.53978811727988,67.91647338867188,344559,0.0,0.0
2020-06-19 00:00:00+05:30,70.66984673689382,71.58763695425607,68.10003132740603,68.65071105957031,506928,0.0,0.0
2020-06-22 00:00:00+05:30,69.29315636141989,69.66027382204946,67.8246935210847,68.3753662109375,213109,0.0,0.0
2020-06-23 00:00:00+05:30,69.06371969494846,70.80752265578933,68.46715460279444,69.88973236083984,276122,0.0,0.0
2020-06-24 00:00:00+05:30,70.66983411264374,71.86296398295096,67.04456620254344,67.36579132080078,361188,0.0,0.0
2020-06-25 00:00:00+05:30,67.36579532664963,68.74248048862947,66.44800521866308,67.45757293701172,162002,0.0,0.0
2020-06-26 00:00:00+05:30,68.32946917366422,70.48628147977789,67.91646643540308,68.69658660888672,231562,0.0,0.0
2020-06-29 00:00:00+05:30,68.83426668518749,69.43083173022919,66.53979112901457,67.0445785522461,151841,0.0,0.0
2020-06-30 00:00:00+05:30,67.54936574535938,67.73292800956621,63.14397643716158,64.47476959228516,669981,0.0,0.0
2020-07-01 00:00:00+05:30,64.19941702980873,68.83426000430516,62.86862413726538,66.81512451171875,417390,0.0,0.0
2020-07-02 00:00:00+05:30,66.99869644225771,67.45759162336905,65.98912844424967,66.17268371582031,81737,0.0,0.0
2020-07-03 00:00:00+05:30,66.53979829211009,67.22814103306295,65.0254428615769,65.25489044189453,117911,0.0,0.0
2020-07-06 00:00:00+05:30,66.40212485913067,69.43083556127,65.6220045274233,68.32948303222656,421630,0.0,0.0
2020-07-07 00:00:00+05:30,69.2931682802118,70.11918095816112,68.42127028815572,69.063720703125,380323,0.0,0.0
2020-07-08 00:00:00+05:30,70.0273997191195,74.34101114518896,70.0273997191195,72.55132293701172,1099778,0.0,0.0
2020-07-09 00:00:00+05:30,77.09438406802764,77.09438406802764,70.99107726220528,73.28555297851562,681989,0.0,0.0
2020-07-10 00:00:00+05:30,73.05611214603844,74.79991525173048,71.44997899646141,71.7253189086914,211610,0.0,0.0
2020-07-13 00:00:00+05:30,72.04653916055098,73.33144699187666,70.71574601514703,71.4499740600586,185619,0.0,0.0
2020-07-14 00:00:00+05:30,71.58762978848517,72.41364230186582,68.65070418777948,69.01781463623047,152965,0.0,0.0
2020-07-15 00:00:00+05:30,68.83426609496111,71.03696401043659,67.36580315203867,68.05414581298828,142874,0.0,0.0
2020-07-16 00:00:00+05:30,68.1918245650066,69.66028769784846,67.04458664838256,67.82470703125,124836,0.0,0.0
2020-07-17 00:00:00+05:30,67.96237905102895,70.02740736382907,67.54936918715806,69.15550231933594,124365,0.0,0.0
2020-07-20 00:00:00+05:30,68.83427007464107,78.51696019934752,68.6507148219823,73.3314437866211,924687,0.0,0.0
2020-07-21 00:00:00+05:30,74.34101403875829,75.02935676133937,71.5876431484339,72.87255096435547,314686,0.0,0.0
2020-07-22 00:00:00+05:30,73.42323254627787,73.79035010944628,70.4863060453008,72.04654693603516,237568,0.0,0.0
2020-07-23 00:00:00+05:30,72.59720672044728,73.69855921183421,70.57807098951366,71.58763885498047,157835,0.0,0.0
2020-07-24 00:00:00+05:30,71.49584989300229,72.82664273159287,69.9814948338657,72.09241485595703,93854,0.0,0.0
2020-07-27 00:00:00+05:30,72.09242198958,72.13830729761986,68.60481647811356,69.10960388183594,120320,0.0,0.0
2020-07-28 00:00:00+05:30,70.16506656332612,71.44997440077908,68.88016572805755,70.25685119628906,162417,0.0,0.0
2020-07-29 00:00:00+05:30,70.66984057449443,72.78076069122918,69.79794274490311,70.39450073242188,123988,0.0,0.0
2020-07-30 00:00:00+05:30,70.48629151742006,75.16702022706649,70.48629151742006,73.23966217041016,427109,0.0,0.0
2020-07-31 00:00:00+05:30,71.77119561337055,74.43278877085733,70.07328503086168,72.55132293701172,134886,0.0,0.0
2020-08-03 00:00:00+05:30,73.10200446547172,73.10200446547172,71.5876489525764,71.7253189086914,77116,0.0,0.0
2020-08-04 00:00:00+05:30,72.0465290292722,77.14026732202402,72.0465290292722,76.31425476074219,501637,0.0,0.0
2020-08-05 00:00:00+05:30,77.04848689891048,79.89364220964296,76.63548409686675,78.79228973388672,1128600,0.0,0.0
2020-08-06 00:00:00+05:30,79.80185425244429,85.17093246789904,79.80185425244429,82.27989196777344,2838855,0.0,0.0
2020-08-07 00:00:00+05:30,82.0504388316388,83.97779669972039,81.86687660475586,83.4271240234375,377566,0.0,0.0
2020-08-10 00:00:00+05:30,84.7120435835454,85.26271633770885,83.61069107303452,84.115478515625,357852,0.0,0.0
2020-08-11 00:00:00+05:30,84.52847689336522,85.35448948234072,82.18811606048217,82.83056640625,300369,0.0,0.0
2020-08-12 00:00:00+05:30,82.60113081245467,83.97781632599558,81.13266766511462,81.72923278808594,315666,0.0,0.0
2020-08-13 00:00:00+05:30,82.60111842896394,83.06001353134708,81.31621074185446,81.63743591308594,212609,0.0,0.0
2020-08-14 00:00:00+05:30,81.7292260328122,87.00652006519454,78.56284541207238,82.69290161132812,1974231,0.0,0.0
2020-08-17 00:00:00+05:30,86.27228146445076,88.1078619211412,82.78467579586543,83.38124084472656,1278931,0.0,0.0
2020-08-18 00:00:00+05:30,83.88604091442237,85.35450410066348,82.6929106368725,83.6565933227539,558149,0.0,0.0
2020-08-19 00:00:00+05:30,83.7483516779556,84.89558937217417,82.87645383122276,83.5647964477539,406923,0.0,0.0
2020-08-20 00:00:00+05:30,83.06001416594118,86.36405752790654,82.09633164270046,85.2168197631836,685420,0.0,0.0
2020-08-21 00:00:00+05:30,86.73119263206655,86.73119263206655,83.70248151705688,84.57438659667969,320198,0.0,0.0
2020-08-24 00:00:00+05:30,85.26271721753761,86.77707255875178,85.07915496279963,86.08872985839844,502309,0.0,0.0
2020-08-25 00:00:00+05:30,87.19007492073749,87.92430993146994,86.08872940682284,86.68528747558594,542499,0.0,0.0
2020-08-26 00:00:00+05:30,87.09830656995658,97.28577816616524,85.85929098431501,93.79817199707031,2570864,0.0,0.0
2020-08-27 00:00:00+05:30,96.367969649877,96.8727570536783,93.88993894546782,94.67005920410156,907870,0.0,0.0
2020-08-28 00:00:00+05:30,95.26662945191447,97.56110504562933,91.77902374859435,92.74270629882812,503935,0.0,0.0
2020-08-31 00:00:00+05:30,95.31250673671977,96.27618920580696,87.23595752823695,87.74073791503906,691167,0.0,0.0
2020-09-01 00:00:00+05:30,88.8879798360326,97.10220636120852,87.74074208130274,95.22073364257812,641271,0.0,0.0
2020-09-02 00:00:00+05:30,95.26663540411032,99.94736450730069,95.26663540411032,96.36798095703125,898583,0.0,0.0
2020-09-03 00:00:00+05:30,97.56111217055455,97.92822269061209,94.71595662481828,95.5419692993164,233027,0.0,0.0
2020-09-04 00:00:00+05:30,92.88036144811885,97.19397940407565,92.05435590535859,93.93582153320312,301489,0.0,0.0
2020-09-07 00:00:00+05:30,94.02761559279715,96.36798371240067,92.92627000838635,93.70639038085938,223658,0.0,0.0
2020-09-08 00:00:00+05:30,93.20159594431442,94.44061129172259,89.94343799170088,91.27423095703125,276868,0.0,0.0
2020-09-09 00:00:00+05:30,89.94345502249801,91.41191819385696,88.52087716769687,90.63179779052734,253192,0.0,0.0
2020-09-10 00:00:00+05:30,91.77901529332009,100.95691682265209,91.77901529332009,98.75421905517578,439984,0.0,0.0
2020-09-11 00:00:00+05:30,105.54588150416713,111.87863579485398,103.43496107321015,104.99520874023438,4133087,0.0,0.0
2020-09-14 00:00:00+05:30,103.48084367393254,108.29924215985845,102.79250103308598,107.24378204345703,1033613,0.0,0.0
2020-09-15 00:00:00+05:30,108.25335799717567,108.43692024986045,104.53631165815456,105.63765716552734,448733,0.0,0.0
2020-09-16 00:00:00+05:30,104.53630848585627,107.5650120403132,104.35274623874193,105.13287353515625,237726,0.0,0.0
2020-09-17 00:00:00+05:30,107.07720338832209,108.04936570491351,104.1607023108484,104.94769287109375,184067,1.0,0.0
2020-09-18 00:00:00+05:30,106.93832890229,106.93832890229,104.02182761036659,104.4847640991211,118921,0.0,0.0
2020-09-21 00:00:00+05:30,104.6236349196661,104.6236349196661,96.29077904110864,97.2166519165039,293064,0.0,0.0
2020-09-22 00:00:00+05:30,97.49442414732772,99.39245945042005,91.10589940008161,97.91106414794922,331218,0.0,0.0
2020-09-23 00:00:00+05:30,99.48504219260694,99.48504219260694,94.80938819600158,97.30924224853516,230379,0.0,0.0
2020-09-24 00:00:00+05:30,96.56854736429551,96.56854736429551,92.4484086753868,92.9576416015625,194606,0.0,0.0
2020-09-25 00:00:00+05:30,95.27233351738936,100.36463503901624,93.69834517239441,99.34617614746094,581880,0.0,0.0
2020-09-28 00:00:00+05:30,100.45721770903208,103.18854015760854,98.6054717604785,99.43875885009766,316840,0.0,0.0
2020-09-29 00:00:00+05:30,100.27205238119178,101.24421482832399,96.2907955105056,96.93890380859375,141248,0.0,0.0
2020-09-30 00:00:00+05:30,97.2166637600598,99.43876034448839,96.7074307910146,98.46659088134766,137820,0.0,0.0
2020-10-01 00:00:00+05:30,99.53133727722114,99.53133727722114,96.2907821100558,97.81847381591797,121719,0.0,0.0
2020-10-05 00:00:00+05:30,99.06840226399004,99.53133872316755,96.38336938799044,96.84630584716797,140345,0.0,0.0
2020-10-06 00:00:00+05:30,98.09622832258964,98.88322591775518,96.66112960403663,97.2166519165039,159901,0.0,0.0
2020-10-07 00:00:00+05:30,97.81847020246312,106.75314481750976,97.58700198478756,103.92922973632812,1146325,0.0,0.0
2020-10-08 00:00:00+05:30,104.76252295211903,107.72531348871712,101.10532065742001,105.13287353515625,485631,0.0,0.0
2020-10-09 00:00:00+05:30,105.22545304950256,107.35495641140835,102.35524856632989,105.54950714111328,316610,0.0,0.0
2020-10-12 00:00:00+05:30,107.03090691731072,108.32713040328233,103.04965764507257,104.94769287109375,187849,0.0,0.0
2020-10-13 00:00:00+05:30,104.62363288566753,110.36404177597859,104.16069645696989,107.21607971191406,569277,0.0,0.0
2020-10-14 00:00:00+05:30,110.17888665654857,110.17888665654857,106.66056644197577,109.02154541015625,228652,0.0,0.0
2020-10-15 00:00:00+05:30,108.51230580237869,110.13258344827338,101.84602345623766,102.5404281616211,301009,0.0,0.0
2020-10-16 00:00:00+05:30,103.4200148931042,114.48420186854798,102.77190659596718,110.27147674560547,422845,0.0,0.0
2020-10-19 00:00:00+05:30,112.95649867038676,114.76194807769313,111.05845631800833,111.75286102294922,537562,0.0,0.0
2020-10-20 00:00:00+05:30,113.8823683576907,118.97466938181508,112.58614486605273,116.70628356933594,1137078,0.0,0.0
2020-10-21 00:00:00+05:30,117.77103241409779,123.41886286833633,116.75257361646207,121.98375701904297,1098616,0.0,0.0
2020-10-22 00:00:00+05:30,124.066970628489,127.44640111766282,120.4560719105307,125.68724822998047,798500,0.0,0.0
2020-10-23 00:00:00+05:30,127.1686439170321,130.54807423006417,125.68724167894477,128.88150024414062,630314,0.0,0.0
2020-10-26 00:00:00+05:30,130.5480917762857,132.16836951109775,123.1874043208225,125.13172912597656,515642,0.0,0.0
2020-10-27 00:00:00+05:30,126.7520177164424,132.168380830635,123.32629018069836,127.35384368896484,463551,0.0,0.0
2020-10-28 00:00:00+05:30,128.04823669986828,129.06668850713632,122.2152340666039,122.63187408447266,277489,0.0,0.0
2020-10-29 00:00:00+05:30,120.73382444127247,123.09480323871041,118.6506103484213,120.31718444824219,262964,0.0,0.0
2020-10-30 00:00:00+05:30,120.87271395398056,125.826125657653,119.20613985282826,119.6227798461914,344947,0.0,0.0
2020-11-02 00:00:00+05:30,120.64124428647554,123.09480187308934,119.90054312502812,120.5949478149414,207700,0.0,0.0
2020-11-03 00:00:00+05:30,123.60403477460488,124.900251211049,119.90054309596503,120.826416015625,548014,0.0,0.0
2020-11-04 00:00:00+05:30,119.94683942377155,122.58556876502105,119.4376064930288,121.98375701904297,217282,0.0,0.0
2020-11-05 00:00:00+05:30,123.14110756693603,125.91872653461127,98.79064512477622,120.08572387695312,503022,0.0,0.0
2020-11-06 00:00:00+05:30,122.1689430710601,132.95537231081377,121.28936652106589,131.42767333984375,1819487,0.0,0.0
2020-11-09 00:00:00+05:30,134.2052840770066,139.20500658794037,129.9925592410727,134.43675231933594,1877557,0.0,0.0
2020-11-10 00:00:00+05:30,135.6403589864202,136.65882467084418,125.59463391552801,129.80735778808594,891270,0.0,0.0
2020-11-11 00:00:00+05:30,132.3998289152874,133.83493478151752,129.6222101268548,130.4554901123047,374639,0.0,0.0
2020-11-12 00:00:00+05:30,132.02952904875738,132.63134100082073,129.6222529850953,130.54812622070312,266235,0.0,0.0
2020-11-13 00:00:00+05:30,131.47396699173592,134.11271071272085,129.80739275362444,132.44613647460938,284210,0.0,0.0
2020-11-14 00:00:00+05:30,134.0201083316437,136.93660244736637,132.8627671543411,135.03857421875,197145,0.0,0.0
2020-11-17 00:00:00+05:30,136.1033299963841,137.95507598272948,135.08486405281388,135.7329864501953,382583,0.0,0.0
2020-11-18 00:00:00+05:30,136.01073460155501,137.9087770289869,134.2515815972233,135.77926635742188,270361,0.0,0.0
2020-11-19 00:00:00+05:30,135.63895016566156,139.33393940164183,132.92617687182732,134.89059448242188,365536,1.5,0.0
2020-11-20 00:00:00+05:30,134.7035176559792,138.9597774922099,134.04871174433563,134.9373779296875,276906,0.0,0.0
2020-11-23 00:00:00+05:30,135.54542806189585,137.60341017993846,133.86164527251606,134.1890411376953,231875,0.0,0.0
2020-11-24 00:00:00+05:30,134.70351354351686,135.63895460979128,130.63433919574396,131.663330078125,373301,0.0,0.0
2020-11-25 00:00:00+05:30,133.20680480948303,135.17123679768295,131.1956121859864,131.8504180908203,254869,0.0,0.0
2020-11-26 00:00:00+05:30,132.36493362480707,133.72132054926112,131.0553216164446,132.64556884765625,214588,0.0,0.0
2020-11-27 00:00:00+05:30,132.83265423832228,134.42290146953394,130.11988038941413,132.64556884765625,237437,0.0,0.0
2020-12-01 00:00:00+05:30,135.63892909025287,138.16461663926336,132.9729168434836,135.96633911132812,398936,0.0,0.0
2020-12-02 00:00:00+05:30,136.94858839292877,138.258214660314,133.76809396615073,134.6099853515625,238517,0.0,0.0
2020-12-03 00:00:00+05:30,135.07769246828198,136.24699387217535,132.87941439318175,134.70352172851562,280072,0.0,0.0
2020-12-04 00:00:00+05:30,136.10669209362266,146.8642656955241,134.9373906151551,141.85964965820312,2605578,0.0,0.0
2020-12-07 00:00:00+05:30,142.74830394099462,146.49006798376044,142.37411897249982,144.1046905517578,536194,0.0,0.0
2020-12-08 00:00:00+05:30,144.71273315408237,145.92880942066085,140.3161629044816,141.34515380859375,506507,0.0,0.0
2020-12-09 00:00:00+05:30,141.53222712432753,143.73050492516904,137.4630530369723,138.11785888671875,344443,0.0,0.0
2020-12-10 00:00:00+05:30,137.36954227517631,137.50985274196378,131.33593527672232,133.20681762695312,764830,0.0,0.0
2020-12-11 00:00:00+05:30,133.86161034149933,137.55659936863617,132.9729299889262,133.9083709716797,274280,0.0,0.0
2020-12-14 00:00:00+05:30,134.98414937284824,136.1066758030825,132.83263205524204,133.72129821777344,176837,0.0,0.0
2020-12-15 00:00:00+05:30,132.83261786208828,133.7212839296658,131.05528572693328,131.75686645507812,210880,0.0,0.0
2020-12-16 00:00:00+05:30,132.36490750158103,135.17123062882303,132.36490750158103,133.9551544189453,148479,0.0,0.0
2020-12-17 00:00:00+05:30,133.76806568332935,140.12906746566767,133.76806568332935,138.21141052246094,831324,0.0,0.0
2020-12-18 00:00:00+05:30,138.21141546620171,138.3985008219071,131.33591802287097,133.53421020507812,271112,0.0,0.0
2020-12-21 00:00:00+05:30,133.53420568182452,134.5631965138954,107.10799685162107,120.25094604492188,518729,0.0,0.0
2020-12-22 00:00:00+05:30,120.29772193349969,126.28453880437637,116.93012852257071,124.83460235595703,464218,0.0,0.0
2020-12-23 00:00:00+05:30,126.14424621953543,129.5118258335598,125.44266534906794,128.48284912109375,211475,0.0,0.0
2020-12-24 00:00:00+05:30,130.8681961242396,136.38730683870074,129.55858437433903,133.9551544189453,375435,0.0,0.0
2020-12-28 00:00:00+05:30,133.9551591154997,136.57439698083058,133.67452393819673,135.77926635742188,190977,0.0,0.0
2020-12-29 00:00:00+05:30,135.77926985516802,136.71471095447663,131.42947445286225,133.48744201660156,146905,0.0,0.0
2020-12-30 00:00:00+05:30,133.86162533879516,144.05792748368026,132.92618425123882,139.38072204589844,884826,0.0,0.0
2020-12-31 00:00:00+05:30,140.50326384112913,142.65478143222396,137.04213429390694,137.83726501464844,336821,0.0,0.0
2021-01-01 00:00:00+05:30,137.41627636825984,142.56120183747402,137.2291910241187,138.9597625732422,315144,0.0,0.0
2021-01-04 00:00:00+05:30,140.3161555152711,142.18703758880807,136.76147672081143,138.39849853515625,209999,0.0,0.0
2021-01-05 00:00:00+05:30,137.79046854634583,140.31615650876407,136.38730698125818,137.4630584716797,258024,0.0,0.0
2021-01-06 00:00:00+05:30,138.11785217240936,139.9419734651875,135.87279957564655,138.1646270751953,249297,0.0,0.0
2021-01-07 00:00:00+05:30,145.92881617329095,149.10931030348567,142.3273621159449,144.80628967285156,1918832,0.0,0.0
2021-01-08 00:00:00+05:30,146.72390539435654,148.2673771122299,143.21600215037634,144.66592407226562,425789,0.0,0.0
2021-01-11 00:00:00+05:30,146.53686560120113,147.84649191093672,144.85308277592785,145.5078887939453,438382,0.0,0.0
2021-01-12 00:00:00+05:30,144.9933566571753,146.53682861533736,143.12247463579237,144.1046905517578,204052,0.0,0.0
2021-01-13 00:00:00+05:30,144.99336918812443,145.2272294610085,138.44528154737043,141.43869018554688,283981,0.0,0.0
2021-01-14 00:00:00+05:30,142.0934890691798,142.93539457415406,139.28716593332743,139.94198608398438,146298,0.0,0.0
2021-01-15 00:00:00+05:30,139.94197123317028,141.2515828481114,137.79045420259888,138.49203491210938,176812,0.0,0.0
2021-01-18 00:00:00+05:30,137.93078348014174,140.26938616469383,135.0776853502486,137.7436981201172,227149,0.0,0.0
2021-01-19 00:00:00+05:30,138.4452631459131,142.42088725652206,138.4452631459131,139.19361877441406,184287,0.0,0.0
2021-01-20 00:00:00+05:30,138.91299826515643,142.18704199531163,138.91299826515643,140.64356994628906,169722,0.0,0.0
2021-01-21 00:00:00+05:30,143.82408215421054,144.38535257453614,140.31617771142493,140.83067321777344,202631,0.0,0.0
2021-01-22 00:00:00+05:30,139.19363262468303,143.82406301833876,139.05330790142204,139.6145782470703,195380,0.0,0.0
2021-01-25 00:00:00+05:30,142.37410863890486,144.05790519067796,136.57437764830507,137.9775390625,237712,0.0,0.0
2021-01-27 00:00:00+05:30,136.10667444244496,140.31615921901542,136.01312462681983,137.650146484375,190479,0.0,0.0
2021-01-28 00:00:00+05:30,136.57439011719433,140.3161542299942,135.7324989012933,137.79046630859375,137027,0.0,0.0
2021-01-29 00:00:00+05:30,138.49205526057145,141.1112931489911,136.10667764301607,137.32275390625,97407,0.0,0.0
2021-02-01 00:00:00+05:30,138.81946432787882,145.64818774375564,138.44529356825524,144.759521484375,706053,0.0,0.0
2021-02-02 00:00:00+05:30,145.92880456987916,149.67056878961967,144.15147227498153,147.56582641601562,600253,0.0,0.0
2021-02-03 00:00:00+05:30,149.2028265424096,151.54142883931257,147.70611536291344,148.1270751953125,490253,0.0,0.0
2021-02-04 00:00:00+05:30,148.54803417127357,152.00916302856928,147.47226845331474,149.9979705810547,281949,0.0,0.0
2021-02-05 00:00:00+05:30,151.54145467441666,152.94461629177238,149.015766617916,150.32537841796875,228782,0.0,0.0
2021-02-08 00:00:00+05:30,152.38332940643753,164.63761191160984,151.868848288171,159.21205139160156,1829512,0.0,0.0
2021-02-09 00:00:00+05:30,163.7021843786129,165.2924313149799,151.54145068191593,154.067138671875,1378996,0.0,0.0
2021-02-10 00:00:00+05:30,154.34778209288586,156.07835384401275,148.26741491952976,150.09152221679688,479275,0.0,0.0
2021-02-11 00:00:00+05:30,151.5414414515499,157.15408743123692,150.98017114410246,153.92681884765625,291207,0.0,0.0
2021-02-12 00:00:00+05:30,158.08953433310518,159.024975364662,153.73973924584485,154.81549072265625,566362,0.0,0.0
2021-02-15 00:00:00+05:30,155.75092870819546,157.0137797855786,151.5414441485145,152.14947509765625,189066,0.0,0.0
2021-02-16 00:00:00+05:30,151.91558864308197,155.23640652215335,151.91558864308197,153.88002014160156,244287,0.0,0.0
2021-02-17 00:00:00+05:30,154.25423128836925,158.8379012309355,152.94461946117795,157.0137939453125,414043,0.0,0.0
2021-02-18 00:00:00+05:30,158.08954549809832,160.89586879096396,156.03157793806986,157.0137939453125,337707,0.0,0.0
2021-02-19 00:00:00+05:30,156.59284592131414,159.39916942724236,152.99140598625928,155.7977294921875,267839,0.0,0.0
2021-02-22 00:00:00+05:30,156.2186629681092,158.55726570715274,151.82209267344697,152.99139404296875,206572,0.0,0.0
2021-02-23 00:00:00+05:30,153.45910749403384,163.23446363643313,151.63500029667568,160.56845092773438,774120,0.0,0.0
2021-02-24 00:00:00+05:30,161.45714860936425,166.5085251227083,159.30563110416244,162.2054901123047,400312,0.0,0.0
2021-02-25 00:00:00+05:30,164.16988496346147,165.01177609994954,159.96040073362911,160.8022918701172,168241,0.0,0.0
2021-02-26 00:00:00+05:30,157.15409432663284,163.51509623745034,156.63959890118116,159.35238647460938,290747,0.0,0.0
2021-03-01 00:00:00+05:30,164.63761967633934,170.2502658016691,159.0249735510096,168.66001892089844,1327750,0.0,0.0
2021-03-02 00:00:00+05:30,170.99861514129017,170.99861514129017,165.01178426507036,167.25685119628906,345138,0.0,0.0
2021-03-03 00:00:00+05:30,169.2212705915423,171.1857023940677,165.01178610644226,165.38597106933594,399107,0.0,0.0
2021-03-04 00:00:00+05:30,164.31020217779582,170.25025810124652,163.00059051726487,167.67779541015625,402128,0.0,0.0
2021-03-05 00:00:00+05:30,166.5084919674296,172.12113776408452,164.49729959977344,166.040771484375,473605,0.0,0.0
2021-03-08 00:00:00+05:30,167.81811591329995,169.3148272782775,164.21667649397492,165.33920288085938,171539,0.0,0.0
2021-03-09 00:00:00+05:30,165.10532639253816,167.86487431886405,160.14748654130915,161.31678771972656,150604,0.0,0.0
2021-03-10 00:00:00+05:30,161.9248681153662,167.06979441942383,160.42815657197886,165.61985778808594,309507,0.0,0.0
2021-03-12 00:00:00+05:30,166.27463957551237,169.08096260632271,161.59743452416183,162.06515502929688,260041,0.0,0.0
2021-03-15 00:00:00+05:30,163.42152751154777,163.42152751154777,157.06052633688444,159.6797637939453,228439,0.0,0.0
2021-03-16 00:00:00+05:30,159.86687642675838,161.2700380604878,156.40574725163216,157.4347381591797,172001,0.0,0.0
2021-03-17 00:00:00+05:30,157.99596419001722,159.30559002989645,149.99795581832424,151.5414276123047,166534,0.0,0.0
2021-03-18 00:00:00+05:30,153.3655698655072,154.81550646661103,147.98678338706,149.34317016601562,165846,0.0,0.0
2021-03-19 00:00:00+05:30,147.79969539839124,150.8866539165151,142.56121947225998,149.1560821533203,212289,0.0,0.0
2021-03-22 00:00:00+05:30,149.1560841148694,154.1606998292872,148.82868828624223,150.79310607910156,209033,0.0,0.0
2021-03-23 00:00:00+05:30,151.0269429785168,155.8444725773663,150.98016807489756,153.22523498535156,196596,0.0,0.0
2021-03-24 00:00:00+05:30,149.81086866249908,156.68636564037638,149.76410803201156,151.35435485839844,154271,0.0,0.0
2021-03-25 00:00:00+05:30,150.69955057613572,151.12049617074456,145.08690458482633,145.97557067871094,237908,0.0,0.0
2021-03-26 00:00:00+05:30,149.20286486246295,151.7285531370563,148.3141986161411,150.65280151367188,144332,0.0,0.0
2021-03-30 00:00:00+05:30,151.5414659442681,155.04937024853356,151.5414659442681,153.03817749023438,137982,0.0,0.0
2021-03-31 00:00:00+05:30,154.34775509385264,163.51507916022675,154.11389485886195,160.8022918701172,304325,0.0,0.0
2021-04-01 00:00:00+05:30,161.36358054369546,164.26345349772788,160.24105414247884,161.50389099121094,273337,0.0,0.0
2021-04-05 00:00:00+05:30,162.20547914964075,163.60864078337016,154.34777971023533,157.4347381591797,150660,0.0,0.0
2021-04-06 00:00:00+05:30,158.74436687715186,160.47493878583037,155.98481822506164,158.55728149414062,93377,0.0,0.0
2021-04-07 00:00:00+05:30,158.55726081091146,164.6376277446632,158.55726081091146,162.719970703125,175134,0.0,0.0
2021-04-08 00:00:00+05:30,164.02959550137408,173.99203707609044,160.10073163231056,170.15672302246094,961668,0.0,0.0
2021-04-09 00:00:00+05:30,176.79836914456646,183.15937152408424,174.1323562813198,176.19033813476562,1750994,0.0,0.0
2021-04-12 00:00:00+05:30,169.31482476467488,171.9340624776524,161.7377467867216,162.15870666503906,363514,0.0,0.0
2021-04-13 00:00:00+05:30,161.924833405099,169.3615860684429,161.924833405099,164.82469177246094,231353,0.0,0.0
2021-04-15 00:00:00+05:30,160.98940185787845,165.38597170446084,159.07174495256254,160.942626953125,239468,0.0,0.0
2021-04-16 00:00:00+05:30,161.7845443496901,165.80694415718534,157.15411350300218,160.66201782226562,207351,0.0,0.0
2021-04-19 00:00:00+05:30,157.01378470509528,160.56844924790872,149.48348145765567,159.4459228515625,271198,0.0,0.0
2021-04-20 00:00:00+05:30,162.71998082044593,166.32143486076455,159.399161972335,163.8892822265625,557919,0.0,0.0
2021-04-22 00:00:00+05:30,165.2924235911124,165.9472294432892,134.42287026506196,164.0295867919922,309933,0.0,0.0
2021-04-23 00:00:00+05:30,161.831312875549,165.47952751413106,159.39916026736188,161.22328186035156,188491,0.0,0.0
2021-04-26 00:00:00+05:30,164.16990297816417,170.71799027643854,163.93604271751153,164.9182586669922,670242,0.0,0.0
2021-04-27 00:00:00+05:30,166.50850446584744,168.00521583344639,165.66661324263393,166.88267517089844,210786,0.0,0.0
2021-04-28 00:00:00+05:30,171.18572046592314,172.07438665185356,165.8069341671305,168.5664825439453,518283,0.0,0.0
2021-04-29 00:00:00+05:30,170.25026250961866,173.6178558291778,169.92285244915985,170.95184326171875,297674,0.0,0.0
2021-04-30 00:00:00+05:30,169.17453732703035,176.28388148768443,168.28585681746185,172.7292022705078,658463,0.0,0.0
2021-05-03 00:00:00+05:30,174.92747497558594,180.16595052390605,172.6356472758325,174.92747497558594,782817,0.0,0.0
2021-05-04 00:00:00+05:30,175.86291587173858,179.51113022555626,170.48412988098062,171.41957092285156,282270,0.0,0.0
2021-05-05 00:00:00+05:30,172.4017814016365,175.48873959660793,170.76475963030134,172.07437133789062,125392,0.0,0.0
2021-05-06 00:00:00+05:30,172.96304763607242,173.57109289404244,168.51970256635164,169.73577880859375,131789,0.0,0.0
2021-05-07 00:00:00+05:30,170.5776785590126,171.70020494704494,168.28583660272886,168.84710693359375,138376,0.0,0.0
2021-05-10 00:00:00+05:30,170.2502746992766,173.99203897838157,169.68900434793164,173.7581787109375,242455,0.0,0.0
2021-05-11 00:00:00+05:30,172.2147007375777,182.83194795048533,169.31482781143868,181.3352508544922,1193580,0.0,0.0
2021-05-12 00:00:00+05:30,183.8334988690568,186.33174322788946,177.23434762760348,178.12994384765625,578519,1.5,0.0
2021-05-14 00:00:00+05:30,179.11979534043192,182.84359873498175,177.3757284212726,179.26119995117188,367487,0.0,0.0
2021-05-17 00:00:00+05:30,180.81674689282264,180.81674689282264,176.48015603729291,178.12994384765625,157697,0.0,0.0
2021-05-18 00:00:00+05:30,180.9581593377573,184.9647870502487,179.49691576561165,183.07931518554688,424079,0.0,0.0
2021-05-19 00:00:00+05:30,183.26785380111656,193.7793677512552,181.94802929083403,190.5269317626953,1259607,0.0,0.0
2021-05-20 00:00:00+05:30,191.4696727440467,194.15646150802732,186.66171375691067,187.8401336669922,449488,0.0,0.0
2021-05-21 00:00:00+05:30,192.22383480271736,195.14632170299714,189.01853865435228,190.4797821044922,518507,0.0,0.0
2021-05-24 00:00:00+05:30,195.8533577848963,195.8533577848963,190.62117134252236,191.79959106445312,185764,0.0,0.0
2021-05-25 00:00:00+05:30,192.31813394045648,196.27762205634642,190.9040300144237,191.89390563964844,678797,0.0,0.0
2021-05-26 00:00:00+05:30,193.26083237833737,196.1833190122074,191.28108151216654,192.74232482910156,290027,0.0,0.0
2021-05-27 00:00:00+05:30,195.14634447059797,203.11246048623647,189.96129667065455,197.40890502929688,1287877,0.0,0.0
2021-05-28 00:00:00+05:30,198.87011282537154,199.57716467072245,190.66831429630201,192.0352783203125,315416,0.0,0.0
2021-05-31 00:00:00+05:30,192.97804099345225,198.72873589063974,192.8366363586889,195.24061584472656,472075,0.0,0.0
2021-06-01 00:00:00+05:30,196.46614546748344,196.93751339267897,188.64144941724405,189.15994262695312,278676,0.0,0.0
2021-06-02 00:00:00+05:30,189.15995629253044,193.26086329199822,189.15995629253044,191.4225311279297,183715,0.0,0.0
2021-06-03 00:00:00+05:30,191.46967731750954,198.02168929706295,191.46967731750954,195.1934814453125,400648,0.0,0.0
2021-06-04 00:00:00+05:30,196.56042636653453,196.56042636653453,192.9308875597202,193.637939453125,167758,0.0,0.0
2021-06-07 00:00:00+05:30,195.570561503431,198.91727685838177,194.4864209617607,195.0049285888672,289396,0.0,0.0
2021-06-08 00:00:00+05:30,196.0419216668333,199.76572548349918,194.2035895937965,197.9745330810547,250997,0.0,0.0
2021-06-09 00:00:00+05:30,198.9172558376994,202.35823578894596,192.74233340744243,195.7119598388672,461857,0.0,0.0
2021-06-10 00:00:00+05:30,195.19346580802863,199.57718187305122,195.19346580802863,197.17320251464844,191899,0.0,0.0
2021-06-11 00:00:00+05:30,198.54017167104377,201.0855555365685,197.03178858813652,198.44589233398438,205237,0.0,0.0
2021-06-14 00:00:00+05:30,198.44588793287073,198.82297650273094,193.26084097975536,195.7119598388672,175765,0.0,0.0
2021-06-15 00:00:00+05:30,197.03180746857578,207.7789912128583,196.93752812248212,203.96092224121094,762549,0.0,0.0
2021-06-16 00:00:00+05:30,205.89351561372212,211.17284242843635,205.23360335813493,209.66445922851562,554095,0.0,0.0
2021-06-17 00:00:00+05:30,208.58031005873914,214.33100458724306,207.2133459319659,210.1358184814453,396177,0.0,0.0
2021-06-18 00:00:00+05:30,212.11557003742388,215.60368986770442,198.5873045943673,207.4961700439453,528313,0.0,0.0
2021-06-21 00:00:00+05:30,206.36488618553793,216.54643695174494,203.15958982627296,214.0010528564453,489457,0.0,0.0
2021-06-22 00:00:00+05:30,216.82924209042042,221.92000984636653,214.23671854368715,217.72483825683594,516630,0.0,0.0
2021-06-23 00:00:00+05:30,219.5631770131603,222.3913846056957,215.17946099873356,217.5363006591797,305961,0.0,0.0
2021-06-24 00:00:00+05:30,218.6204507513416,223.71123327250987,214.0481902402555,215.60369873046875,414073,0.0,0.0
2021-06-25 00:00:00+05:30,217.58346868628794,223.4284289289462,215.03808439827654,221.1187286376953,389101,0.0,0.0
2021-06-28 00:00:00+05:30,218.7147284417291,218.7147284417291,190.62119579074675,204.52655029296875,1356800,0.0,0.0
2021-06-29 00:00:00+05:30,206.3648822527742,207.82612577121262,200.33137826149027,201.2269744873047,284155,0.0,0.0
2021-06-30 00:00:00+05:30,202.6882159406612,203.34812818532686,196.2776090246061,197.55030822753906,371605,0.0,0.0
2021-07-01 00:00:00+05:30,197.50315496642247,203.6780774855722,193.30798343005597,202.02828979492188,330138,0.0,0.0
2021-07-02 00:00:00+05:30,202.6882243769767,203.86664428614517,197.97454474030283,199.05868530273438,180941,0.0,0.0
2021-07-05 00:00:00+05:30,202.8767387634522,207.30759409142365,202.8767387634522,204.99789428710938,305314,0.0,0.0
2021-07-06 00:00:00+05:30,205.0450457266203,213.81249193813932,205.0450457266203,208.20321655273438,460377,0.0,0.0
2021-07-07 00:00:00+05:30,211.36136825124672,220.9772707511772,211.36136825124672,216.82923889160156,828886,0.0,0.0
2021-07-08 00:00:00+05:30,218.33762527952715,222.48565720217496,214.94377051735546,217.06492614746094,324355,0.0,0.0
2021-07-09 00:00:00+05:30,216.82925442194488,219.18609414392256,214.61381932928265,215.50942993164062,154685,0.0,0.0
2021-07-12 00:00:00+05:30,217.58344443391016,222.48566814311275,214.943781087414,216.3107452392578,295019,0.0,0.0
2021-07-13 00:00:00+05:30,218.1490656681889,221.4957807472162,217.8662564267277,219.8459930419922,282964,0.0,0.0
2021-07-14 00:00:00+05:30,219.6574772058157,228.56632909102402,219.61033753113023,223.4284210205078,411934,0.0,0.0
2021-07-15 00:00:00+05:30,223.4755417128655,229.0848172837584,220.600194421397,227.2936248779297,356211,0.0,0.0
2021-07-16 00:00:00+05:30,226.44516658888583,234.7412456161782,224.60683440985724,233.51568603515625,446421,0.0,0.0
2021-07-19 00:00:00+05:30,233.37426305799485,247.42103588490644,230.9702837582039,244.63995361328125,734571,0.0,0.0
2021-07-20 00:00:00+05:30,248.36378633740736,254.53869502348903,242.33025351342982,250.06069946289062,640014,0.0,0.0
2021-07-22 00:00:00+05:30,252.6532086610203,259.01667567020644,251.23910488120117,255.3400115966797,326869,0.0,0.0
2021-07-23 00:00:00+05:30,257.0840560113532,258.0267917814425,244.35712311514786,247.4681396484375,277124,0.0,0.0
2021-07-26 00:00:00+05:30,246.05404218378158,248.41088166830053,240.397627420936,243.3201141357422,221914,0.0,0.0
2021-07-27 00:00:00+05:30,245.01704325948094,255.85850560521033,243.7443440996749,251.75759887695312,239751,0.0,0.0
2021-07-28 00:00:00+05:30,254.44440948219102,254.44440948219102,241.38751172736792,245.48841857910156,214262,0.0,0.0
2021-07-29 00:00:00+05:30,247.32674699788188,251.52190411565348,243.36724506401663,244.45138549804688,125105,0.0,0.0
2021-07-30 00:00:00+05:30,247.56246123926547,249.4950583898449,239.7377501348164,241.2932586669922,171004,0.0,0.0
2021-08-02 00:00:00+05:30,255.43432052676545,273.1577451123276,248.17524210809398,267.87841796875,1624433,0.0,0.0
2021-08-03 00:00:00+05:30,280.8409795281179,287.48728395440514,275.3259695314151,281.3123474121094,1091257,0.0,0.0
2021-08-04 00:00:00+05:30,283.7634844947964,284.18772712580096,267.73697540372814,269.5281677246094,351772,0.0,0.0
2021-08-05 00:00:00+05:30,270.56517894272196,275.23173273562816,260.2422102590272,270.09381103515625,284048,0.0,0.0
2021-08-06 00:00:00+05:30,268.67968814758785,277.96564101827005,262.08053791238393,266.55853271484375,186602,0.0,0.0
2021-08-09 00:00:00+05:30,267.2184509593741,272.4506226898777,259.01663869911386,260.8078308105469,180261,0.0,0.0
2021-08-10 00:00:00+05:30,259.25237584997103,262.55195154260707,245.44130049051233,254.5386962890625,413089,0.0,0.0
2021-08-11 00:00:00+05:30,252.6531897266706,256.5184121891782,229.36761877438545,251.8047332763672,346065,0.0,0.0
2021-08-12 00:00:00+05:30,253.50166801701306,264.4374097908889,251.85188025539432,262.8347473144531,186780,0.0,0.0
2021-08-13 00:00:00+05:30,264.5788491769983,268.4440724803237,251.05058200036882,253.31317138671875,403120,0.0,0.0
2021-08-16 00:00:00+05:30,254.53867023383785,254.53867023383785,242.75447253782684,244.45138549804688,159524,0.0,0.0
2021-08-17 00:00:00+05:30,245.11132751286007,247.18535794597517,237.66371985397245,239.17208862304688,120520,0.0,0.0
2021-08-18 00:00:00+05:30,239.45492955119676,245.11134520988645,238.60647295639689,242.18885803222656,167950,0.0,0.0
2021-08-20 00:00:00+05:30,242.09457711168145,242.09457711168145,225.36102861507237,230.5932159423828,204159,0.0,0.0
2021-08-23 00:00:00+05:30,239.45492705907725,239.45492705907725,207.3547656530929,213.43540954589844,333031,0.0,0.0
2021-08-24 00:00:00+05:30,214.4723946986309,227.76497524494434,214.4723946986309,219.5160369873047,190319,0.0,0.0
2021-08-25 00:00:00+05:30,221.54291976876007,228.1420705703827,217.81911612198874,220.64732360839844,154763,0.0,0.0
2021-08-26 00:00:00+05:30,219.56317983327358,219.56317983327358,214.9437797934697,215.792236328125,98799,0.0,0.0
2021-08-27 00:00:00+05:30,215.79222545905748,223.56979604668416,215.79222545905748,220.64732360839844,119757,0.0,0.0
2021-08-30 00:00:00+05:30,225.26670769112715,225.26670769112715,218.43187340939903,222.62704467773438,196497,0.0,0.0
2021-08-31 00:00:00+05:30,224.08829891430523,225.50240262775478,218.90325196499018,219.89312744140625,101544,0.0,0.0
2021-09-01 00:00:00+05:30,221.49579509663118,222.48567066089527,217.30062325142526,218.00767517089844,84411,0.0,0.0
2021-09-02 00:00:00+05:30,220.03455472412975,234.74124061291832,218.47904623310774,232.2429962158203,514478,0.0,0.0
2021-09-03 00:00:00+05:30,233.7042199256803,234.41127183878947,225.03105266854277,226.869384765625,138614,0.0,0.0
2021-09-06 00:00:00+05:30,226.30375348109956,236.5324292660683,226.30375348109956,230.02755737304688,211190,0.0,0.0
2021-09-07 00:00:00+05:30,230.0275629528056,234.74124252151063,225.50242768984708,228.6605987548828,145549,0.0,0.0
2021-09-08 00:00:00+05:30,229.36762833248633,231.15882063999368,224.37112559969344,224.88963317871094,87472,0.0,0.0
2021-09-09 00:00:00+05:30,224.8896626072961,227.15222312180103,221.9671754231357,223.71124267578125,66022,0.0,0.0
2021-09-13 00:00:00+05:30,224.37114479908064,225.54956467722707,219.65746528649493,224.32400512695312,105854,0.0,0.0
2021-09-14 00:00:00+05:30,224.84252417982194,229.79188791962935,224.5125608431645,227.52932739257812,74256,0.0,0.0
2021-09-15 00:00:00+05:30,227.52931443294696,233.79850239228523,227.52931443294696,229.8861541748047,148682,0.0,0.0
2021-09-16 00:00:00+05:30,230.970296414099,231.34738502158808,226.35089623982034,226.9636688232422,73948,0.0,0.0
2021-09-17 00:00:00+05:30,236.1937013657987,237.56636728232948,225.25968143962254,226.53768920898438,236026,1.0,0.0
2021-09-20 00:00:00+05:30,228.09965112337588,230.04032340737783,218.2069734378625,219.5323028564453,124193,0.0,0.0
2021-09-21 00:00:00+05:30,218.68032964671772,222.32500758549986,208.45631134566165,213.3789825439453,217767,0.0,0.0
2021-09-22 00:00:00+05:30,213.99430714130648,221.5203149526183,213.00030283905605,216.36097717285156,198641,0.0,0.0
2021-09-23 00:00:00+05:30,217.73364004609886,224.36031604750187,212.90562746707374,216.78697204589844,230618,0.0,0.0
2021-09-24 00:00:00+05:30,218.39631256074898,222.37231541465576,213.09498023720926,215.50897216796875,92428,0.0,0.0
2021-09-27 00:00:00+05:30,215.8403185618743,220.10032484927973,212.05364630640284,213.66297912597656,140576,0.0,0.0
2021-09-28 00:00:00+05:30,215.8403186841543,217.87564924462,206.70497764065726,207.79364013671875,240787,0.0,0.0
2021-09-29 00:00:00+05:30,207.79363760808164,211.58030981961844,203.53363137010277,208.40896606445312,281670,0.0,0.0
2021-09-30 00:00:00+05:30,209.8763095585582,214.4203192123244,204.2436373954039,207.17831420898438,211411,0.0,0.0
2021-10-01 00:00:00+05:30,207.32031757353906,223.27168111918715,205.42698133999076,221.1416778564453,389987,0.0,0.0
2021-10-04 00:00:00+05:30,222.89299337294221,224.0763284560912,216.0769861830057,218.34898376464844,204803,0.0,0.0
2021-10-05 00:00:00+05:30,217.87565657321244,221.99366856988982,215.84032594428518,216.50299072265625,165353,0.0,0.0
2021-10-06 00:00:00+05:30,216.69233198116942,231.6496915175935,216.69233198116942,228.2890167236328,1228793,0.0,0.0
2021-10-07 00:00:00+05:30,231.93367112164947,237.61367939401637,227.67366491737425,229.37767028808594,758786,0.0,0.0
2021-10-08 00:00:00+05:30,230.98703436144518,235.72037522950757,215.65101283792498,225.0703582763672,347786,0.0,0.0
2021-10-11 00:00:00+05:30,227.20032020899825,255.60036023512302,225.1649897851289,246.5596923828125,2227723,0.0,0.0
2021-10-12 00:00:00+05:30,250.81969734402057,253.5176780232746,240.2643405111873,243.8143310546875,532467,0.0,0.0
2021-10-13 00:00:00+05:30,244.33501831788948,251.76636794881034,242.5363548830843,244.76100158691406,316142,0.0,0.0
2021-10-14 00:00:00+05:30,245.1870340625313,248.02703831808185,236.66702129587964,237.47169494628906,665447,0.0,0.0
2021-10-18 00:00:00+05:30,239.8856720317283,242.58368168407128,226.49032524064023,229.23565673828125,474729,0.0,0.0
2021-10-19 00:00:00+05:30,231.9336693042558,234.44233382689052,226.25366107639647,227.24766540527344,257345,0.0,0.0
2021-10-20 00:00:00+05:30,230.04033461912448,233.82700679392488,224.07632305481224,226.4429931640625,239726,0.0,0.0
2021-10-21 00:00:00+05:30,229.28298736365144,231.83898808192563,219.34297333535724,221.2836456298828,187361,0.0,0.0
2021-10-22 00:00:00+05:30,222.94032280581484,227.91033000212283,216.64498613516125,218.6329803466797,234183,0.0,0.0
2021-10-25 00:00:00+05:30,221.23629618644998,221.23629618644998,217.73362767374323,217.92295837402344,207203,0.0,0.0
2021-10-26 00:00:00+05:30,218.53833723622284,224.36034028849025,217.16565693161527,222.94033813476562,108015,0.0,0.0
2021-10-27 00:00:00+05:30,223.41366821804127,228.14700864638962,222.94033417520643,224.36033630371094,107533,0.0,0.0
2021-10-28 00:00:00+05:30,224.36033906371728,225.30700716103254,218.77500306756076,219.4376678466797,113256,0.0,0.0
2021-10-29 00:00:00+05:30,219.6269818508596,239.74367738676807,215.88764604024522,231.7916717529297,813912,0.0,0.0
2021-11-01 00:00:00+05:30,233.82700939918786,233.82700939918786,225.30699691095836,230.135009765625,300761,0.0,0.0
2021-11-02 00:00:00+05:30,231.31833557809762,233.73232746383596,220.81031481838372,222.60897827148438,425553,0.0,0.0
2021-11-03 00:00:00+05:30,227.20033194651575,229.04633175457957,216.2189767910976,218.2069854736328,319901,0.0,0.0
2021-11-04 00:00:00+05:30,222.37230892780687,227.0109908262224,219.6269774872196,224.40765380859375,85739,0.0,0.0
2021-11-08 00:00:00+05:30,224.3603213840674,230.0403295203729,220.71564371860163,224.54965209960938,432076,0.0,0.0
2021-11-09 00:00:00+05:30,225.02298863219488,228.99899148315555,223.41365586454506,223.934326171875,155144,0.0,0.0
2021-11-10 00:00:00+05:30,224.36030831309822,225.68563768968764,220.10030245905205,221.18896484375,99168,0.0,0.0
2021-11-11 00:00:00+05:30,220.90498738707797,223.55564627677754,219.24831835851194,221.04698181152344,74185,0.0,0.0
2021-11-12 00:00:00+05:30,222.46699638262263,222.79833598502563,219.05898555365144,219.91099548339844,74345,0.0,0.0
2021-11-15 00:00:00+05:30,221.42564113735202,221.42564113735202,212.05363364275124,213.04763793945312,151334,0.0,0.0
2021-11-16 00:00:00+05:30,212.95298020089163,215.982315146465,212.1483210055877,214.42031860351562,100822,0.0,0.0
2021-11-17 00:00:00+05:30,213.09496913262416,215.17763580994955,209.21362461737587,211.154296875,103386,0.0,0.0
2021-11-18 00:00:00+05:30,212.38499246036162,213.5209912830551,206.3736442913041,208.88230895996094,136215,0.0,0.0
2021-11-22 00:00:00+05:30,208.88229942194212,215.84031536636093,200.69362656872156,208.03030395507812,215875,0.0,0.0
2021-11-23 00:00:00+05:30,206.37362934541878,215.84030959062147,205.47429761112608,211.6276397705078,111122,0.0,0.0
2021-11-24 00:00:00+05:30,212.57430927695546,217.07098242477457,212.29030597861794,213.5683135986328,59083,0.0,0.0
2021-11-25 00:00:00+05:30,214.51497656042537,214.51497656042537,210.68096823599222,211.6749725341797,52427,0.0,0.0
2021-11-26 00:00:00+05:30,208.8349725390183,211.05963373551498,206.37362989075848,207.69895935058594,100602,0.0,0.0
2021-11-29 00:00:00+05:30,207.320291224473,210.25496779149813,194.20893369551598,200.74095153808594,145807,0.0,0.0
2021-11-30 00:00:00+05:30,202.6343051051855,206.23164669272256,197.85362841944598,198.75296020507812,90928,0.0,0.0
2021-12-01 00:00:00+05:30,202.11362331909754,203.39163093073424,200.3622816950039,201.64028930664062,56655,0.0,0.0
2021-12-02 00:00:00+05:30,203.15495467157834,204.00695007719258,200.2202781500057,202.53961181640625,72882,0.0,0.0
2021-12-03 00:00:00+05:30,203.91228895339083,208.07763697424016,202.5869594824434,203.95962524414062,150617,0.0,0.0
2021-12-06 00:00:00+05:30,205.33228813468767,205.94763101581512,200.69362060622606,201.26162719726562,83447,0.0,0.0
2021-12-07 00:00:00+05:30,205.23763288935055,205.23763288935055,200.69362343207558,202.3976287841797,55761,0.0,0.0
2021-12-08 00:00:00+05:30,204.48030792941412,218.39632599671972,203.6756342729847,213.1896514892578,301942,0.0,0.0
2021-12-09 00:00:00+05:30,214.32563963516446,217.6863140843107,213.09498273252638,214.89364624023438,151934,0.0,0.0
2021-12-10 00:00:00+05:30,214.84631501731718,214.84631501731718,209.02431218054255,210.9176483154297,83688,0.0,0.0
2021-12-13 00:00:00+05:30,214.60964293916743,214.60964293916743,208.4089643546453,209.02430725097656,68397,0.0,0.0
2021-12-14 00:00:00+05:30,205.47430106382075,211.3909763164935,205.0483033346299,210.018310546875,63101,0.0,0.0
2021-12-15 00:00:00+05:30,210.25500398228172,215.88767664175097,207.50965765299577,208.503662109375,146761,0.0,0.0
2021-12-16 00:00:00+05:30,210.82296245547133,212.0536337546561,206.37362570765637,207.3676300048828,73660,0.0,0.0
2021-12-17 00:00:00+05:30,207.88829653458544,208.31429424139668,202.5869500086916,204.66961669921875,107558,0.0,0.0
2021-12-20 00:00:00+05:30,203.53363219978235,204.4803002565255,197.3802898309517,199.79429626464844,186144,0.0,0.0
2021-12-21 00:00:00+05:30,199.8416113038245,207.32028237875406,197.90093910488505,200.45693969726562,87620,0.0,0.0
2021-12-22 00:00:00+05:30,202.77630694316872,203.24964099973306,200.220305926723,201.5929718017578,65527,0.0,0.0
2021-12-23 00:00:00+05:30,202.58695128604748,206.65762656070314,201.59294700054906,202.30294799804688,76294,0.0,0.0
2021-12-24 00:00:00+05:30,204.66962188787824,204.66962188787824,199.74695110047006,200.88294982910156,42700,0.0,0.0
2021-12-27 00:00:00+05:30,202.53961396002362,203.1076205331161,200.2676165576682,201.73495483398438,39548,0.0,0.0
2021-12-28 00:00:00+05:30,202.58696121225017,203.06029523377413,201.1669591476783,201.78228759765625,99033,0.0,0.0
2021-12-29 00:00:00+05:30,202.1136303921258,208.55097607581808,199.98362726152962,201.54562377929688,152296,0.0,0.0
2021-12-30 00:00:00+05:30,202.11361754867923,203.77028654497988,197.9009478470876,199.3682861328125,127973,0.0,0.0
2021-12-31 00:00:00+05:30,200.69361529271993,205.4269552760388,200.69361529271993,202.30294799804688,130443,0.0,0.0
2022-01-03 00:00:00+05:30,206.37363909865505,209.68697734106465,200.31496923339515,206.7996368408203,184223,0.0,0.0
2022-01-04 00:00:00+05:30,208.26697556617134,212.5269818845703,206.7996371674989,209.73431396484375,185723,0.0,0.0
2022-01-05 00:00:00+05:30,211.0596395491758,220.57365637181135,210.1603077877344,215.46165466308594,452234,0.0,0.0
2022-01-06 00:00:00+05:30,213.89964223669165,218.6329824696125,211.9589698521925,215.08297729492188,148399,0.0,0.0
2022-01-07 00:00:00+05:30,212.00631147578798,220.57366040185752,209.592305007281,214.04165649414062,784428,0.0,0.0
2022-01-10 00:00:00+05:30,211.8643157026584,214.84631432752826,206.04229843956767,207.79364013671875,301482,0.0,0.0
2022-01-11 00:00:00+05:30,207.88830199302677,213.14229792332938,205.37962308481178,206.75228881835938,197668,0.0,0.0
2022-01-12 00:00:00+05:30,208.21964759599558,209.6869860533163,199.08430612607816,201.0249786376953,323317,0.0,0.0
2022-01-13 00:00:00+05:30,202.58695699042173,204.05429531556882,200.7882935241173,203.01295471191406,129336,0.0,0.0
2022-01-14 00:00:00+05:30,204.33831276699985,206.70498298924906,202.63430731797868,205.5689697265625,160044,0.0,0.0
2022-01-17 00:00:00+05:30,207.03629042413817,209.59229115628656,205.28496327665107,207.3676300048828,165039,0.0,0.0
2022-01-18 00:00:00+05:30,208.26695499863735,209.9236239588538,202.96560854794197,203.5336151123047,146152,0.0,0.0
2022-01-19 00:00:00+05:30,202.82362754812814,205.28497022986588,194.06694817907243,201.40362548828125,137021,0.0,0.0
2022-01-20 00:00:00+05:30,202.5869573284202,205.14295810664638,201.68762559376754,203.20228576660156,62544,0.0,0.0
2022-01-21 00:00:00+05:30,203.5336205964178,204.00695459780482,198.80028058254763,199.936279296875,125869,0.0,0.0
2022-01-24 00:00:00+05:30,198.8002797520322,198.8002797520322,189.3335997638402,191.13226318359375,177729,0.0,0.0
2022-01-25 00:00:00+05:30,189.33358429263106,195.72359276250734,179.8669050779995,190.9429168701172,199869,0.0,0.0
2022-01-27 00:00:00+05:30,190.18560017704075,193.73560526579843,185.78359964498432,193.02560424804688,143182,0.0,0.0
2022-01-28 00:00:00+05:30,193.68828987579354,199.41562005386146,193.2622776949385,195.29762268066406,162322,0.0,0.0
2022-01-31 00:00:00+05:30,198.7055960877908,200.12559800679364,195.39225827678425,196.7649383544922,85135,0.0,0.0
2022-02-01 00:00:00+05:30,199.65227952833547,201.64028814722667,194.6822724261151,199.88894653320312,184212,0.0,0.0
2022-02-02 00:00:00+05:30,201.4509664959669,202.30296197382012,196.76496247775768,197.23829650878906,173822,0.0,0.0
2022-02-03 00:00:00+05:30,198.04294678423707,203.53362418616777,197.38028205960921,199.88894653320312,126837,0.0,0.0
2022-02-04 00:00:00+05:30,202.49226991235767,202.49226991235767,198.13760598387003,198.8949432373047,79312,0.0,0.0
2022-02-07 00:00:00+05:30,200.03094376551897,200.69360845159363,191.22692880765052,192.78892517089844,179353,0.0,0.0
2022-02-08 00:00:00+05:30,194.16161487701794,195.01361030910326,187.44026621942936,190.51693725585938,105483,0.0,0.0
2022-02-09 00:00:00+05:30,190.51696184259131,194.019631047093,188.62362557583265,189.6176300048828,76005,0.0,0.0
2022-02-10 00:00:00+05:30,189.33360307556052,190.0909403768643,181.94958966661216,185.21559143066406,124143,0.0,0.0
2022-02-11 00:00:00+05:30,184.5056079537302,184.60028054226828,179.91427630981246,181.6656036376953,118741,0.0,0.0
2022-02-14 00:00:00+05:30,171.34689691064656,181.71290795077005,165.76156185012528,168.36489868164062,377168,0.0,0.0
2022-02-15 00:00:00+05:30,172.2462318323613,172.2462318323613,162.92156112588125,165.5722198486328,384081,0.0,0.0
2022-02-16 00:00:00+05:30,171.82025257733147,179.8669310726886,168.5069143733609,169.26425170898438,616294,0.0,0.0
2022-02-17 00:00:00+05:30,169.64292026746062,179.86693861455277,169.64292026746062,176.41160583496094,365672,0.0,0.0
2022-02-18 00:00:00+05:30,181.19226570584084,181.19226570584084,171.9149300280877,172.71958923339844,229279,0.0,0.0
2022-02-21 00:00:00+05:30,175.133573061301,175.133573061301,168.50689732384637,168.69622802734375,136470,0.0,0.0
2022-02-22 00:00:00+05:30,166.21402001893097,170.4147129997146,165.21157761717112,169.36453247070312,146053,1.5,0.0
2022-02-23 00:00:00+05:30,170.89207719049713,175.52239907550484,170.0328491098883,174.28128051757812,90117,0.0,0.0
2022-02-24 00:00:00+05:30,171.75129088140008,172.4195955188062,163.25442877790644,164.06593322753906,269038,0.0,0.0
2022-02-25 00:00:00+05:30,171.75128914792955,172.13317958939737,165.16383563464072,171.4648895263672,136917,0.0,0.0
2022-02-28 00:00:00+05:30,171.70357040249664,171.70357040249664,167.35966301958885,169.0303955078125,175499,0.0,0.0
2022-03-02 00:00:00+05:30,168.31437790953706,171.22622905753786,166.6436453159862,168.88719177246094,99063,0.0,0.0
2022-03-03 00:00:00+05:30,170.2237836976128,171.8945162627959,166.59590435683162,167.74154663085938,156616,0.0,0.0
2022-03-04 00:00:00+05:30,164.30459995463823,169.41225872470855,164.30459995463823,166.6913604736328,134121,0.0,0.0
2022-03-07 00:00:00+05:30,164.3046112060547,166.4526958202485,163.2544306787297,164.3046112060547,106533,0.0,0.0
2022-03-08 00:00:00+05:30,166.54815866706232,171.60809426260127,166.54815866706232,170.60565185546875,149980,0.0,0.0
2022-03-09 00:00:00+05:30,173.660691808002,174.23352016711038,169.45999906664161,170.7488555908203,165835,0.0,0.0
2022-03-10 00:00:00+05:30,174.71087249164106,177.90913745993362,170.89205560657786,172.32411193847656,154318,0.0,0.0
2022-03-11 00:00:00+05:30,171.84676278948135,175.28370387232323,171.84676278948135,173.46975708007812,103686,0.0,0.0
2022-03-14 00:00:00+05:30,173.46974540308446,175.14047770662913,170.8920470482843,172.37184143066406,146319,0.0,0.0
2022-03-15 00:00:00+05:30,174.71085267325248,175.61781866704692,169.0303661146151,170.271484375,119189,0.0,0.0
2022-03-16 00:00:00+05:30,172.80146981074893,175.1882304434941,170.2715093670914,173.04014587402344,153537,0.0,0.0
2022-03-17 00:00:00+05:30,173.75616640850842,175.99972713149452,170.89205377540114,171.75128173828125,159007,0.0,0.0
2022-03-21 00:00:00+05:30,171.84675736760903,172.80146157520684,165.40250396632368,166.6913604736328,180183,0.0,0.0
2022-03-22 00:00:00+05:30,168.9348987657319,168.9348987657319,163.44534982729883,165.7366485595703,165581,0.0,0.0
2022-03-23 00:00:00+05:30,167.26417504513353,167.93246508007246,163.2544202678698,163.77951049804688,133767,0.0,0.0
2022-03-24 00:00:00+05:30,162.29971804391664,166.11853493906764,162.29971804391664,163.6840362548828,131295,0.0,0.0
2022-03-25 00:00:00+05:30,165.35477827659676,167.07324889302268,162.72934150827783,162.968017578125,258464,0.0,0.0
2022-03-28 00:00:00+05:30,161.3450144728391,164.11365090597172,160.86766235901413,161.44049072265625,255503,0.0,0.0
2022-03-29 00:00:00+05:30,164.97290594818392,179.48440839418768,163.397635112656,175.23597717285156,613557,0.0,0.0
2022-03-30 00:00:00+05:30,178.52970907824326,178.52970907824326,170.0328463983636,171.22622680664062,182484,0.0,0.0
2022-03-31 00:00:00+05:30,170.89208040089883,172.7060128574308,166.93006313485833,169.69869995117188,224160,0.0,0.0
2022-04-01 00:00:00+05:30,168.9826475250817,180.20042214892186,168.9826475250817,178.05233764648438,247750,0.0,0.0
2022-04-04 00:00:00+05:30,180.9164362484428,188.55406944098922,180.24814625762085,187.2652130126953,461139,0.0,0.0
2022-04-05 00:00:00+05:30,191.37046809652588,201.1084487415057,188.07674127702802,195.5234375,540397,0.0,0.0
2022-04-06 00:00:00+05:30,194.75967417956014,197.14643489254493,189.0314484683966,190.60670471191406,253557,0.0,0.0
2022-04-07 00:00:00+05:30,191.60913424117604,194.18683272435,185.97638516432812,186.69241333007812,168742,0.0,0.0
2022-04-08 00:00:00+05:30,189.98614085385,189.98614085385,183.9237631955318,186.0241241455078,151930,0.0,0.0
2022-04-11 00:00:00+05:30,190.6544474014603,194.66420258168932,188.1722249411431,192.65933227539062,243504,0.0,0.0
2022-04-12 00:00:00+05:30,191.8955611118522,192.37291325392147,186.59694942135687,189.3656005859375,127467,0.0,0.0
2022-04-13 00:00:00+05:30,190.2725534786109,198.2920630792894,187.21750289585862,191.513671875,431572,0.0,0.0
2022-04-18 00:00:00+05:30,189.98615843758856,189.98615843758856,183.49416619051647,184.35340881347656,171236,0.0,0.0
2022-04-19 00:00:00+05:30,185.928660465288,187.55165484465513,180.00949678120304,182.30078125,109849,0.0,0.0
2022-04-20 00:00:00+05:30,183.30321103756086,185.97638577871803,181.29832633978538,182.20530700683594,133413,0.0,0.0
2022-04-21 00:00:00+05:30,183.78056323434424,186.02412398919228,180.96418868531802,181.87115478515625,182579,0.0,0.0
2022-04-22 00:00:00+05:30,181.39379732571962,186.88334645531376,180.3913550059199,184.63978576660156,157745,0.0,0.0
2022-04-25 00:00:00+05:30,185.21261453474494,185.21261453474494,179.48438934294873,180.48683166503906,108672,0.0,0.0
2022-04-26 00:00:00+05:30,182.82586478439032,184.73527329388787,181.05965608605274,182.58718872070312,56895,0.0,0.0
2022-04-27 00:00:00+05:30,181.53699105356858,183.2077233414523,177.5272364761736,182.68264770507812,96938,0.0,0.0
2022-04-28 00:00:00+05:30,183.3986872870284,183.78056314963783,180.43909836509894,182.20530700683594,59485,0.0,0.0
2022-04-29 00:00:00+05:30,182.68266865114353,182.92134471963595,179.48440350629278,179.5798797607422,56433,0.0,0.0
2022-05-02 00:00:00+05:30,178.05234157223492,179.96175006094523,176.6202852057022,178.19554138183594,72054,0.0,0.0
2022-05-04 00:00:00+05:30,179.10252294877608,184.87847200142215,176.28613375997486,177.52725219726562,146360,0.0,0.0
2022-05-05 00:00:00+05:30,178.5296876821945,181.20286238989243,173.75616662117324,175.9042510986328,52195,0.0,0.0
2022-05-06 00:00:00+05:30,172.99238502291325,176.4770638295392,169.50772078391623,173.9948272705078,129461,0.0,0.0
2022-05-09 00:00:00+05:30,171.84675189810739,174.71086442974251,167.1687072568219,169.45999145507812,134441,0.0,0.0
2022-05-10 00:00:00+05:30,169.46001144104505,173.70844261716752,167.0732507165233,167.3596649169922,48898,0.0,0.0
2022-05-11 00:00:00+05:30,166.11853981329813,169.5554809468325,161.44049480652768,163.15895080566406,122561,0.0,0.0
2022-05-12 00:00:00+05:30,161.91783296073763,164.97288338935672,157.52618795435234,158.0035400390625,132935,0.0,0.0
2022-05-13 00:00:00+05:30,159.1014452720103,171.3693997736673,156.2373327409741,161.15406799316406,117761,0.0,0.0
2022-05-16 00:00:00+05:30,161.15405350008584,166.11851186055372,158.5286172494162,160.4857635498047,70804,0.0,0.0
2022-05-17 00:00:00+05:30,161.91785250674002,167.98021597380284,158.52864938264247,166.11854553222656,86163,0.0,0.0
2022-05-18 00:00:00+05:30,167.0732536166946,167.0732536166946,162.299732084789,163.11123657226562,49266,0.0,0.0
2022-05-19 00:00:00+05:30,159.4355990824203,164.20912001303168,156.8579006934161,157.5739288330078,83312,0.0,0.0
2022-05-20 00:00:00+05:30,159.4355940373733,163.3976104573581,158.76730404176047,162.25196838378906,50353,0.0,0.0
2022-05-23 00:00:00+05:30,164.20911366840792,164.5909895010502,160.39029707146818,161.34500122070312,41628,0.0,0.0
2022-05-24 00:00:00+05:30,161.82238211633614,164.54329525330957,159.76977365695745,160.77220153808594,27950,0.0,0.0
2022-05-25 00:00:00+05:30,160.43804317673215,160.48578130009545,155.61678406963765,155.9031982421875,54227,0.0,0.0
2022-05-26 00:00:00+05:30,157.1443211083404,157.1443211083404,148.93385895431933,151.89344787597656,76166,0.0,0.0
2022-05-27 00:00:00+05:30,153.611915600964,156.71470456703642,151.94118308077114,152.65721130371094,35852,0.0,0.0
2022-05-30 00:00:00+05:30,154.28020402124488,157.8603447590433,153.27776170113535,155.9031982421875,60799,0.0,0.0
2022-05-31 00:00:00+05:30,154.66208178393575,158.19448444201814,150.41365096944625,156.14187622070312,76237,0.0,0.0
2022-06-01 00:00:00+05:30,157.52620504830628,158.91052333065912,154.85303017032396,156.33282470703125,45694,0.0,0.0
2022-06-02 00:00:00+05:30,159.38787375034943,163.20669080129582,156.38056114978153,161.48822021484375,74646,0.0,0.0
2022-06-03 00:00:00+05:30,162.29972828624403,163.58858489674614,158.48091115009714,158.8150634765625,53750,0.0,0.0
2022-06-06 00:00:00+05:30,161.34501832696887,161.53595626353382,155.33037863557348,159.67428588867188,36806,0.0,0.0
2022-06-07 00:00:00+05:30,159.14919381397854,160.19937430449963,157.52619952032555,159.10145568847656,33727,0.0,0.0
2022-06-08 00:00:00+05:30,161.9178524009537,162.25199015979044,157.52620686729776,160.72447204589844,58054,0.0,0.0
2022-06-09 00:00:00+05:30,160.86765694595812,165.1638258258205,160.39030484819563,164.54327392578125,149817,0.0,0.0
2022-06-10 00:00:00+05:30,162.3474636205817,163.68404376818307,160.48579321226867,163.06349182128906,56871,0.0,0.0
2022-06-13 00:00:00+05:30,160.39032471939552,161.44050529163474,157.52621177797775,157.95582580566406,85252,0.0,0.0
2022-06-14 00:00:00+05:30,162.3474547507171,163.4930968957305,158.62409956988583,159.2924041748047,73133,0.0,0.0
2022-06-15 00:00:00+05:30,160.8676701523673,161.39276041653923,159.43561374151537,159.81748962402344,43863,0.0,0.0
2022-06-16 00:00:00+05:30,160.67672144622165,162.3474538136145,156.57149042995889,157.71713256835938,108337,0.0,0.0
2022-06-17 00:00:00+05:30,157.66941254411185,159.5310976213101,152.8004292550637,153.80287170410156,92282,0.0,0.0
2022-06-20 00:00:00+05:30,154.2802014932061,156.6669619459622,149.45894246511284,149.93629455566406,100106,0.0,0.0
2022-06-21 00:00:00+05:30,149.88856074122168,157.38299460533483,149.88856074122168,156.14187622070312,58315,0.0,0.0
2022-06-22 00:00:00+05:30,156.09415246525603,157.23979470743805,154.66209602062065,154.90077209472656,47278,0.0,0.0
2022-06-23 00:00:00+05:30,158.0035533116386,159.3401334340503,155.23491681480115,155.85546875,44605,0.0,0.0
2022-06-24 00:00:00+05:30,160.96313484285696,162.06103885191513,156.61922779515592,160.6289825439453,61854,0.0,0.0
2022-06-27 00:00:00+05:30,162.0610685253007,163.63632492544494,160.103921632529,161.63145446777344,75558,0.0,0.0
2022-06-28 00:00:00+05:30,161.34501571246503,165.30703246060057,160.48578772803074,163.92271423339844,41402,0.0,0.0
2022-06-29 00:00:00+05:30,162.29972384362495,176.3338735212828,161.05860539482399,168.21888732910156,230293,0.0,0.0
2022-06-30 00:00:00+05:30,168.21885761251272,169.69865186437755,166.16624964767425,167.21641540527344,45939,0.0,0.0
2022-07-01 00:00:00+05:30,166.6436130321871,169.4599873736028,166.02304659136814,166.73907470703125,48681,0.0,0.0
2022-07-04 00:00:00+05:30,164.73421485445365,167.64606561741365,164.25686274798906,165.6889190673828,39687,0.0,0.0
2022-07-05 00:00:00+05:30,168.0279628153147,168.0279628153147,163.39764096749897,164.4955596923828,35801,0.0,0.0
2022-07-06 00:00:00+05:30,167.93247114857937,167.93247114857937,162.9202738539684,166.07080078125,46668,0.0,0.0
2022-07-07 00:00:00+05:30,167.45510864257812,168.69622699972166,166.21400485306444,167.45510864257812,65150,0.0,0.0
2022-07-08 00:00:00+05:30,168.8871858838952,169.79416662859066,163.97046453564326,166.9300537109375,46489,0.0,0.0
2022-07-11 00:00:00+05:30,162.68160039373862,165.83212737139985,161.10634418872348,164.06593322753906,73728,0.0,0.0
2022-07-12 00:00:00+05:30,163.25440790075768,165.8798442851266,162.39518000201588,162.68157958984375,42817,0.0,0.0
2022-07-13 00:00:00+05:30,163.25440398844464,165.64116428067334,161.2017959641794,162.2042236328125,49019,0.0,0.0
2022-07-14 00:00:00+05:30,165.02062266991345,165.02062266991345,156.81016092820374,158.91050720214844,57967,0.0,0.0
2022-07-15 00:00:00+05:30,156.85792448150107,160.3425894622578,156.7624482213576,157.52621459960938,41031,0.0,0.0
2022-07-18 00:00:00+05:30,157.76486721190082,161.72688376868783,157.76486721190082,161.05859375,46113,0.0,0.0
2022-07-19 00:00:00+05:30,162.10878172464808,162.68159552403839,159.19693089961478,160.43804931640625,47986,0.0,0.0
2022-07-20 00:00:00+05:30,160.72446661767725,165.64118768739786,160.72446661767725,163.15895080566406,69196,0.0,0.0
2022-07-21 00:00:00+05:30,164.68649012052524,164.68649012052524,161.392763231641,163.20669555664062,39138,0.0,0.0
2022-07-22 00:00:00+05:30,165.64119329316495,195.80985449810802,163.20669445515702,179.8185577392578,822989,0.0,0.0
2022-07-25 00:00:00+05:30,176.62028659372805,178.43421884520592,168.3143625160897,169.55548095703125,160655,0.0,0.0
2022-07-26 00:00:00+05:30,171.84676330072963,171.84676330072963,166.9300422888999,167.4073944091797,65891,0.0,0.0
2022-07-27 00:00:00+05:30,168.3143453020677,168.74395925793968,165.21155680086088,166.73907470703125,69444,0.0,0.0
2022-07-28 00:00:00+05:30,167.93247774010305,168.79172033634094,164.6864890013322,166.45269775390625,68501,0.0,0.0
2022-07-29 00:00:00+05:30,165.5457162399082,168.60078158844382,165.4979926800377,166.78683471679688,99400,0.0,0.0
2022-08-01 00:00:00+05:30,169.46002319650864,169.46002319650864,165.30705342069618,166.5481719970703,70215,0.0,0.0
2022-08-02 00:00:00+05:30,166.4049569568546,171.79903024824625,165.83212856855147,168.4575653076172,113572,0.0,0.0
2022-08-03 00:00:00+05:30,168.45757675192706,169.8418951221349,166.07081591790248,166.40496826171875,64269,0.0,0.0
2022-08-04 00:00:00+05:30,166.97775327352673,169.79414222521015,162.20423243017115,164.40005493164062,82645,0.0,0.0
2022-08-05 00:00:00+05:30,165.0206245490261,169.9373452849951,163.49309202278323,167.7892608642578,142583,0.0,0.0
2022-08-08 00:00:00+05:30,168.7917127349547,169.93735491071428,166.5958900669643,167.0732421875,65411,0.0,0.0
2022-08-10 00:00:00+05:30,166.69137018932312,169.07813084743123,164.49554747033747,165.30703735351562,77469,0.0,0.0
2022-08-11 00:00:00+05:30,165.54569889896058,167.74152142534598,163.2544146952026,164.97288513183594,89402,0.0,0.0
2022-08-12 00:00:00+05:30,165.11609843777012,168.8871773417497,164.16139418017374,166.30947875976562,65254,0.0,0.0
2022-08-16 00:00:00+05:30,162.20425012804637,164.01819698701635,158.14675696848678,162.39520263671875,143191,0.0,0.0
2022-08-17 00:00:00+05:30,164.5910043829841,167.07324122248465,162.29972004469937,165.83212280273438,103232,0.0,0.0
2022-08-18 00:00:00+05:30,167.07323864137805,175.57010037951602,165.73665855929917,172.65826416015625,271311,0.0,0.0
2022-08-19 00:00:00+05:30,173.32655514946057,174.23352125066396,168.50529589447777,171.65582275390625,147148,0.0,0.0
2022-08-22 00:00:00+05:30,170.89205547941833,171.84675969997375,168.6007711771375,170.41470336914062,80513,0.0,0.0
2022-08-23 00:00:00+05:30,168.60077865054336,173.5174997772904,168.60077865054336,171.7035675048828,73704,0.0,0.0
2022-08-24 00:00:00+05:30,172.3240935679482,172.61050771732096,170.41468532896818,171.17845153808594,71039,0.0,0.0
2022-08-25 00:00:00+05:30,171.84675782849357,176.52480263121717,170.5579013177278,172.41958618164062,167991,0.0,0.0
2022-08-26 00:00:00+05:30,172.32411774639218,177.5272530141283,172.32411774639218,174.94955444335938,161785,0.0,0.0
2022-08-29 00:00:00+05:30,173.1833515165791,174.51994625650235,170.41471491641812,173.42202758789062,69545,0.0,0.0
2022-08-30 00:00:00+05:30,174.71087637460172,179.67533552199325,173.04014395025445,175.04502868652344,156519,0.0,0.0
2022-09-01 00:00:00+05:30,173.27882215348475,178.4819574258346,173.27882215348475,176.52481079101562,66944,0.0,0.0
2022-09-02 00:00:00+05:30,177.9091424718657,180.391364776506,174.71087741347384,175.95199584960938,71550,0.0,0.0
2022-09-05 00:00:00+05:30,175.95199864853504,177.4317931702504,172.51505747343037,175.5223846435547,92247,0.0,0.0
2022-09-06 00:00:00+05:30,175.426890209258,177.76591249852223,173.51748188044976,173.7084197998047,116641,0.0,0.0
2022-09-07 00:00:00+05:30,173.70843417033896,182.3485104864976,172.8492061783449,178.8638458251953,270735,0.0,0.0
2022-09-08 00:00:00+05:30,179.96174540788525,183.78056228656715,176.8112185694466,182.87359619140625,324425,0.0,0.0
2022-09-09 00:00:00+05:30,184.2579299129612,186.1673385130955,179.57988466968473,180.6300506591797,207439,0.0,0.0
2022-09-12 00:00:00+05:30,180.63002705572788,184.2579058354439,180.48682725648277,182.25302124023438,165616,0.0,0.0
2022-09-13 00:00:00+05:30,183.97150791336318,184.59207442268837,178.95931055040953,179.6753387451172,140430,0.0,0.0
2022-09-14 00:00:00+05:30,174.7108850485296,189.55653966973148,174.7108850485296,184.21018981933594,432137,0.0,0.0
2022-09-15 00:00:00+05:30,185.49900856771916,188.792734781867,180.43907395081095,182.9213104248047,179689,0.0,0.0
2022-09-16 00:00:00+05:30,182.73040000452843,185.21263704977397,176.71577447608962,178.62518310546875,120924,0.0,0.0
2022-09-19 00:00:00+05:30,182.85981783762892,183.82223793151118,178.96201352033273,182.18612670898438,110278,1.5,0.0
2022-09-20 00:00:00+05:30,183.82224981078627,189.59677074725076,179.82821203721147,185.8433380126953,341688,0.0,0.0
2022-09-21 00:00:00+05:30,184.8327804000908,187.527559577187,178.04771585867374,179.44322204589844,127337,0.0,0.0
2022-09-22 00:00:00+05:30,182.71544767962374,183.34101482193086,179.44321078234455,180.8868408203125,145646,0.0,0.0
2022-09-23 00:00:00+05:30,180.88685688397504,181.46431482458908,176.65221427069048,178.19207763671875,60545,0.0,0.0
2022-09-26 00:00:00+05:30,178.04770718101693,178.04770718101693,171.35889084831646,171.79197692871094,135245,0.0,0.0
2022-09-27 00:00:00+05:30,174.96797723704714,174.96797723704714,170.3964817589125,171.0220489501953,109446,0.0,0.0
2022-09-28 00:00:00+05:30,171.31076904897583,173.71681917606819,169.38592894730195,171.5032501220703,106496,0.0,0.0
2022-09-29 00:00:00+05:30,173.81307485105685,177.42215020356744,172.3213207682794,175.7379150390625,50096,0.0,0.0
2022-09-30 00:00:00+05:30,173.7649462168588,177.56650254843802,173.7649462168588,176.65220642089844,110451,0.0,0.0
2022-10-03 00:00:00+05:30,179.01011786293924,179.01011786293924,171.31075795485583,171.9363250732422,85674,0.0,0.0
2022-10-04 00:00:00+05:30,173.2355956148744,176.4115844715531,172.8987427492557,174.2461395263672,47001,0.0,0.0
2022-10-06 00:00:00+05:30,175.93037890037954,177.277761025953,171.88821783829533,172.65814208984375,97459,0.0,0.0
2022-10-07 00:00:00+05:30,173.2837416212342,174.4867667440068,171.93634467250976,173.0431365966797,33466,0.0,0.0
2022-10-10 00:00:00+05:30,172.27320226766412,178.7214141640734,170.05963304447016,177.2296600341797,168041,0.0,0.0
2022-10-11 00:00:00+05:30,172.46566558660405,175.16044459435935,171.50324556136033,172.75439453125,125001,0.0,0.0
2022-10-12 00:00:00+05:30,173.1874807499799,174.77548260417498,171.79197464928544,173.09124755859375,107318,0.0,0.0
2022-10-13 00:00:00+05:30,174.00554351347756,181.8973847839629,173.4280856241447,180.8868408203125,425613,0.0,0.0
2022-10-14 00:00:00+05:30,183.96658329869513,183.96658329869513,175.20856981604575,175.83413696289062,163543,0.0,0.0
2022-10-17 00:00:00+05:30,175.83414957454244,176.12287854201224,169.62654285808554,171.35890197753906,142405,0.0,0.0
2022-10-18 00:00:00+05:30,173.28375530990073,173.37998851610536,170.20401368938974,171.310791015625,63398,0.0,0.0
2022-10-19 00:00:00+05:30,171.31076690930277,174.0055459550613,170.63707581920423,171.79197692871094,56267,0.0,0.0
2022-10-20 00:00:00+05:30,171.79199025600772,172.41755745562287,170.2040029429135,171.07017517089844,47412,0.0,0.0
2022-10-21 00:00:00+05:30,171.07015775938603,172.70626884870398,169.3859227322191,170.01148986816406,36145,0.0,0.0
2022-10-24 00:00:00+05:30,171.31077608712846,176.0747525974222,166.01746559005426,170.6370849609375,46038,0.0,0.0
2022-10-25 00:00:00+05:30,172.7544086367089,172.7544086367089,168.42351816949335,169.3378143310547,46978,0.0,0.0
2022-10-27 00:00:00+05:30,171.74387715696201,172.08073009209437,169.53030781912503,171.310791015625,38350,0.0,0.0
2022-10-28 00:00:00+05:30,172.27320468690758,172.27320468690758,169.86715434211834,170.4927215576172,34924,0.0,0.0
2022-10-31 00:00:00+05:30,172.27320096224875,175.68979531505363,170.1558796416853,174.8236083984375,81011,0.0,0.0
2022-11-01 00:00:00+05:30,174.19803732072086,175.16045741641545,172.41755426953978,173.37997436523438,53519,0.0,0.0
2022-11-02 00:00:00+05:30,173.23560212787828,177.1815300504922,172.3213060537206,173.71681213378906,58815,0.0,0.0
2022-11-03 00:00:00+05:30,173.71682585396397,174.82360308082656,170.3483555465464,170.9739227294922,54676,0.0,0.0
2022-11-04 00:00:00+05:30,170.39649096164112,179.0101483906785,169.57842795775233,175.6416778564453,172232,0.0,0.0
2022-11-07 00:00:00+05:30,175.78600472055706,177.3740065100465,173.62055975018706,174.96795654296875,88947,0.0,0.0
2022-11-09 00:00:00+05:30,174.19804141922214,179.01014201091337,173.86118850365753,175.497314453125,148383,0.0,0.0
2022-11-10 00:00:00+05:30,176.9890369127993,176.9890369127993,170.25209673058825,171.7438507080078,70137,0.0,0.0
2022-11-11 00:00:00+05:30,173.23562349432484,175.16046375537292,166.59493046785536,168.086669921875,192827,0.0,0.0
2022-11-14 00:00:00+05:30,168.4235167810174,170.34835697280047,165.68061363358046,166.9317626953125,119391,0.0,0.0
2022-11-15 00:00:00+05:30,168.90472618942084,176.07475293959104,167.65357713242616,169.96339416503906,232089,0.0,0.0
2022-11-16 00:00:00+05:30,171.7919792097614,174.3905104119958,170.68520202457262,171.84010314941406,67278,0.0,0.0
2022-11-17 00:00:00+05:30,171.84011102334216,176.12287751211005,171.84011102334216,173.37997436523438,87672,0.0,0.0
2022-11-18 00:00:00+05:30,173.37997096251112,174.34239103931745,169.48218139973753,170.25210571289062,49855,0.0,0.0
2022-11-21 00:00:00+05:30,171.7919773819423,171.7919773819423,167.5573350741242,170.1077423095703,28091,0.0,0.0
2022-11-22 00:00:00+05:30,168.61599288352335,171.50325308593082,168.42351180710247,168.85659790039062,55426,0.0,0.0
2022-11-23 00:00:00+05:30,166.6911600608431,170.3002354721721,166.6911600608431,167.31674194335938,60592,0.0,0.0
2022-11-24 00:00:00+05:30,168.32726607381295,170.30023017436974,165.87310661874704,168.56787109375,73895,0.0,0.0
2022-11-25 00:00:00+05:30,169.3859350551982,174.67924552567314,169.3859350551982,172.99501037597656,82621,0.0,0.0
2022-11-28 00:00:00+05:30,174.96798800289574,175.20859304286523,170.58897333837754,172.27320861816406,51443,0.0,0.0
2022-11-29 00:00:00+05:30,172.17694135625368,174.24615327840232,171.3588931236164,171.84010314941406,79392,0.0,0.0
2022-11-30 00:00:00+05:30,171.79199254293206,173.04314164418344,168.95285610744696,171.11830139160156,79443,0.0,0.0
2022-12-01 00:00:00+05:30,173.0431292325153,177.71085769901006,171.88822810087558,175.93038940429688,278048,0.0,0.0
2022-12-02 00:00:00+05:30,176.55594689212592,181.31992297742727,174.43862581925464,178.4326629638672,237051,0.0,0.0
2022-12-05 00:00:00+05:30,180.0688113714375,181.60867476115698,175.73792080629687,177.9033660888672,123815,0.0,0.0
2022-12-06 00:00:00+05:30,177.90335544638856,178.33644153992157,175.16045237840498,176.65220642089844,84795,0.0,0.0
2022-12-07 00:00:00+05:30,177.85522611032656,178.72139827111548,168.80846893423464,171.79197692871094,167535,0.0,0.0
2022-12-08 00:00:00+05:30,173.23562248434746,174.10179472262294,171.7438683536591,172.12884521484375,85862,0.0,0.0
2022-12-09 00:00:00+05:30,172.99500243363656,174.0536703532733,169.38592727855374,170.1077423095703,84490,0.0,0.0
2022-12-12 00:00:00+05:30,170.0114921499226,171.79197507668377,169.48217288257152,171.40701293945312,30579,0.0,0.0
2022-12-13 00:00:00+05:30,172.17693848496222,173.4762114070945,171.59949527485344,173.1393585205078,41171,0.0,0.0
2022-12-14 00:00:00+05:30,174.19803560677704,174.19803560677704,172.36944331709503,173.3318634033203,56673,0.0,0.0
2022-12-15 00:00:00+05:30,171.02204464347616,173.47621877543043,170.58895854615835,171.59950256347656,69648,0.0,0.0
2022-12-16 00:00:00+05:30,171.310780547591,172.22507672018202,170.15587934614103,170.396484375,61304,0.0,0.0
2022-12-19 00:00:00+05:30,172.03259345201374,172.12884133648268,169.62654319394363,170.68521118164062,61765,0.0,0.0
2022-12-20 00:00:00+05:30,170.68521769891683,171.74387104167104,168.90473456581458,169.81903076171875,50349,0.0,0.0
2022-12-21 00:00:00+05:30,169.86713167623913,171.3107616904848,165.5843655710498,166.258056640625,106451,0.0,0.0
2022-12-22 00:00:00+05:30,168.4235153519309,168.4235153519309,163.13020486944163,164.5257110595703,91944,0.0,0.0
2022-12-23 00:00:00+05:30,162.74524899275923,163.61142123101246,158.895568493206,159.5692596435547,124310,0.0,0.0
2022-12-26 00:00:00+05:30,159.7617118295755,163.08205772269588,158.36620583801627,160.6278839111328,74496,0.0,0.0
2022-12-27 00:00:00+05:30,161.63842327163098,164.2850780621873,161.63842327163098,163.90011596679688,52024,0.0,0.0
2022-12-28 00:00:00+05:30,163.65955364594694,165.53627004955172,162.98586246072554,165.1994171142578,40922,0.0,0.0
2022-12-29 00:00:00+05:30,165.19941465349362,167.07614571450958,163.61142726302836,166.49868774414062,51961,0.0,0.0
2022-12-30 00:00:00+05:30,169.00097814469106,171.98447169132305,167.60545722901657,170.396484375,88292,0.0,0.0
2023-01-02 00:00:00+05:30,171.40701951991187,172.65815385662563,169.43405544879164,170.877685546875,47789,0.0,0.0
2023-01-03 00:00:00+05:30,170.92581183828887,172.22507013321626,169.3859338383398,169.5784149169922,48459,0.0,0.0
2023-01-04 00:00:00+05:30,170.34834731990918,174.2461514244715,169.19344620735555,170.1077423095703,81569,0.0,0.0
2023-01-05 00:00:00+05:30,169.867146829078,170.01150396923424,167.6535776727025,168.27915954589844,24421,0.0,0.0
2023-01-06 00:00:00+05:30,168.13476570663755,170.4445824442717,166.40240682475277,167.1242218017578,36978,0.0,0.0
2023-01-09 00:00:00+05:30,168.08665094502012,169.09719490505387,165.24751481758372,165.96932983398438,50683,0.0,0.0
2023-01-10 00:00:00+05:30,165.9211998760348,168.23101665593293,164.7662988287675,165.15127563476562,37362,0.0,0.0
2023-01-11 00:00:00+05:30,165.0550412279353,166.54679526648522,161.78281887948657,163.41893005371094,49670,0.0,0.0
2023-01-12 00:00:00+05:30,165.19940705988665,170.3483605553383,164.67008774430656,169.04908752441406,171562,0.0,0.0
2023-01-13 00:00:00+05:30,169.0009463559502,170.20397127395847,165.53622871794119,166.30616760253906,50077,0.0,0.0
2023-01-16 00:00:00+05:30,170.15586168171106,172.273182778791,167.46108270117114,170.01148986816406,106116,0.0,0.0
2023-01-17 00:00:00+05:30,170.7333103904815,171.1664111597375,166.0655819757507,166.73927307128906,36056,0.0,0.0
2023-01-18 00:00:00+05:30,167.46109268593938,169.00097067673764,165.63250042156068,166.8355255126953,27456,0.0,0.0
2023-01-19 00:00:00+05:30,166.49868293709457,168.08667028171246,165.53626280451022,167.41297912597656,23703,0.0,0.0
2023-01-20 00:00:00+05:30,166.1137166920384,168.18291405229817,165.92122092194083,166.97988891601562,26001,0.0,0.0
2023-01-23 00:00:00+05:30,168.5197583817269,168.5197583817269,164.42947312668852,165.44000244140625,45091,0.0,0.0
2023-01-24 00:00:00+05:30,164.76632562726286,167.22049993021838,161.68658410518958,162.3602752685547,68950,0.0,0.0
2023-01-25 00:00:00+05:30,163.61140588432858,163.90013483178555,158.22184781634616,158.8955535888672,97846,0.0,0.0
2023-01-27 00:00:00+05:30,158.60683842315748,160.7722836891993,151.1962064497764,156.1526641845703,77320,0.0,0.0
2023-01-30 00:00:00+05:30,156.15265369341913,161.39784004835937,152.83230744563969,153.89096069335938,69493,0.0,0.0
2023-01-31 00:00:00+05:30,156.20078109325752,157.3556822460639,152.73606294947345,157.01882934570312,72712,0.0,0.0
2023-02-01 00:00:00+05:30,156.87448084638248,158.6549639571288,151.09996007903098,152.11050415039062,134554,0.0,0.0
2023-02-02 00:00:00+05:30,152.11049073779358,155.4789608883948,151.09994675554032,152.49545288085938,49309,0.0,0.0
2023-02-03 00:00:00+05:30,155.91204463735423,155.91204463735423,152.20672165299982,152.44732666015625,69181,0.0,0.0
2023-02-06 00:00:00+05:30,152.44731809396936,154.0353198631886,151.19618387535004,152.2548370361328,35612,0.0,0.0
2023-02-07 00:00:00+05:30,152.25485179534112,155.2864838202585,152.1586185997759,153.9390869140625,53144,0.0,0.0
2023-02-08 00:00:00+05:30,155.4789788164321,159.1842875981281,154.3240775687004,158.65496826171875,61325,0.0,0.0
2023-02-09 00:00:00+05:30,156.1526570878627,160.24294240449393,156.1526570878627,158.36622619628906,56042,0.0,0.0
2023-02-10 00:00:00+05:30,158.79931309089994,173.043133202187,155.9120528528836,169.91526794433594,857739,0.0,0.0
2023-02-13 00:00:00+05:30,168.90472925019796,169.77090147477077,165.34377778142644,167.31674194335938,75788,0.0,0.0
2023-02-14 00:00:00+05:30,167.4611059889219,167.4611059889219,164.67009342991963,165.77687072753906,40096,0.0,0.0
2023-02-15 00:00:00+05:30,165.72873650756569,171.1182948839764,163.41893416645544,170.30023193359375,155446,0.0,0.0
2023-02-16 00:00:00+05:30,170.34836503896386,171.79199525115845,168.03856257359885,168.80848693847656,63717,0.0,0.0
2023-02-17 00:00:00+05:30,171.31075405067122,173.04311292758211,169.62651910916182,170.8295440673828,111220,0.0,0.0
2023-02-20 00:00:00+05:30,170.82956229497776,171.4551294658557,167.46109205254157,168.1829071044922,38724,0.0,0.0
2023-02-21 00:00:00+05:30,167.4611027111807,169.04909005239904,167.4611027111807,168.086669921875,23194,0.0,0.0
2023-02-22 00:00:00+05:30,167.46110790451138,168.42352806488213,165.53626758376987,166.49868774414062,62411,0.0,0.0
2023-02-23 00:00:00+05:30,168.24618097401947,168.9743092689326,166.11034093836926,167.61512756347656,28351,1.5,0.0
2023-02-24 00:00:00+05:30,167.51805832170143,169.41118898948122,164.314290753408,164.6055450439453,31112,0.0,0.0
2023-02-27 00:00:00+05:30,165.1394910668932,165.43073051239327,163.34343547933906,164.07156372070312,30159,0.0,0.0
2023-02-28 00:00:00+05:30,163.58614840110522,165.47927890648714,163.10072956311976,164.26573181152344,27299,0.0,0.0
2023-03-01 00:00:00+05:30,165.4307301961044,166.54720238567893,163.9744737161605,165.2851104736328,83607,0.0,0.0
2023-03-02 00:00:00+05:30,164.31428373094303,166.74137802534398,164.31428373094303,165.8676300048828,67799,0.0,0.0
2023-03-03 00:00:00+05:30,165.86761908526356,168.5374226333425,165.33365541288637,166.93553161621094,36658,0.0,0.0
2023-03-06 00:00:00+05:30,167.51803972336407,170.38200783242985,162.95510572423132,166.4986572265625,125315,0.0,0.0
2023-03-08 00:00:00+05:30,166.88701523632673,170.09078300324282,166.01326712435394,168.05203247070312,112580,0.0,0.0
2023-03-09 00:00:00+05:30,169.89660979729098,169.89660979729098,164.5570020608047,166.35305786132812,98660,0.0,0.0
2023-03-10 00:00:00+05:30,168.92577963910145,168.92577963910145,165.13951808995571,165.52784729003906,103799,0.0,0.0
2023-03-13 00:00:00+05:30,166.88700622766845,177.90602080903096,166.88700622766845,169.21702575683594,447919,0.0,0.0
2023-03-14 00:00:00+05:30,171.74119600163132,172.27515973918074,166.0618039217207,166.78993225097656,131231,0.0,0.0
2023-03-15 00:00:00+05:30,166.98410152353213,169.89661492219838,166.11035342945593,166.64430236816406,73915,0.0,0.0
2023-03-16 00:00:00+05:30,166.49867877625584,168.39180947888005,164.55700322201378,166.0132598876953,99005,0.0,0.0
2023-03-17 00:00:00+05:30,169.8966262911928,169.8966262911928,165.52785590084784,165.57640075683594,73856,0.0,0.0
2023-03-20 00:00:00+05:30,165.52782070070788,167.32387629365772,162.2269785887972,166.1588592529297,68671,0.0,0.0
2023-03-21 00:00:00+05:30,166.88698595034305,167.9549132898475,165.52781916716182,166.06178283691406,69919,0.0,0.0
2023-03-22 00:00:00+05:30,167.71221374727995,168.2461774484554,165.38220917790596,167.42095947265625,44589,0.0,0.0
2023-03-23 00:00:00+05:30,168.44034401648992,170.86743831067565,166.98408743997848,167.51805114746094,68670,0.0,0.0
2023-03-24 00:00:00+05:30,169.89661607795477,173.1003838010438,168.24619477024507,171.2557830810547,167107,0.0,0.0
2023-03-27 00:00:00+05:30,173.5372380617648,173.5372380617648,167.4695024651996,171.83827209472656,159245,0.0,0.0
2023-03-28 00:00:00+05:30,171.8382861803643,173.39163254593632,170.96453810836056,172.17808532714844,153109,0.0,0.0
2023-03-29 00:00:00+05:30,175.72162883430758,176.20704769849075,171.83827792084222,174.21682739257812,236139,0.0,0.0
2023-03-31 00:00:00+05:30,176.83808194850116,176.83808194850116,171.7897288478813,173.14891052246094,109815,0.0,0.0
2023-04-03 00:00:00+05:30,174.6537183434814,177.51770177092462,172.90622211401646,173.87705993652344,71632,0.0,0.0
2023-04-05 00:00:00+05:30,174.60517999406784,182.42041224228004,174.5566351424908,180.86708068847656,336053,0.0,0.0
2023-04-06 00:00:00+05:30,180.47874594383063,183.19709481963284,179.31374351528956,181.7893829345703,118292,0.0,0.0
2023-04-10 00:00:00+05:30,181.54665074882473,182.37186872320612,174.21682311679245,174.79933166503906,147628,0.0,0.0
2023-04-11 00:00:00+05:30,175.72163716705182,180.04186230038607,173.3916324340067,173.82850646972656,206587,0.0,0.0
2023-04-12 00:00:00+05:30,174.75077716728651,180.38163850543825,173.87702920697285,176.74099731445312,194528,0.0,0.0
2023-04-13 00:00:00+05:30,175.9157946171192,177.12934178585456,174.31391827991177,175.09059143066406,49451,0.0,0.0
2023-04-17 00:00:00+05:30,176.40119412582706,179.60496126245928,173.29451667756206,178.9739227294922,116265,0.0,0.0
2023-04-18 00:00:00+05:30,180.3331020796726,180.3331020796726,175.7216230224535,178.0030975341797,80201,0.0,0.0
2023-04-19 00:00:00+05:30,179.50789650744144,184.8475042055556,176.10996433591427,181.98353576660156,175285,0.0,0.0
2023-04-20 00:00:00+05:30,184.11937974283552,188.3425300272168,181.54666554169867,183.82814025878906,176846,0.0,0.0
2023-04-21 00:00:00+05:30,183.63395064199977,185.7698054983254,181.1583262823818,184.11936950683594,75082,0.0,0.0
2023-04-24 00:00:00+05:30,184.45917680529777,189.55607511175995,183.4883390326383,185.3814697265625,172653,0.0,0.0
2023-04-25 00:00:00+05:30,187.08042672443437,187.37168100482006,184.55625752664392,186.5464630126953,65707,0.0,0.0
2023-04-26 00:00:00+05:30,184.4591686377445,186.20667951391636,183.4397860588269,184.11936950683594,75541,0.0,0.0
2023-04-27 00:00:00+05:30,184.11938739572838,186.255242459572,183.05147467761614,185.09022521972656,43155,0.0,0.0
2023-04-28 00:00:00+05:30,185.09021529102682,185.09021529102682,178.77976977354675,181.6437530517578,94870,0.0,0.0
2023-05-02 00:00:00+05:30,181.83792706348376,185.09022487961565,176.35268447968772,177.61477661132812,125756,0.0,0.0
2023-05-03 00:00:00+05:30,176.69247528760113,182.51750194543413,176.44976584352474,180.86708068847656,86992,0.0,0.0
2023-05-04 00:00:00+05:30,182.22623733877327,190.28419338892294,181.10977988471862,187.32313537597656,466169,0.0,0.0
2023-05-05 00:00:00+05:30,187.32312623749155,188.34250875796366,182.51748271390292,183.536865234375,103437,0.0,0.0
2023-05-08 00:00:00+05:30,185.28439645700493,189.21627761959417,182.6145925588568,185.04168701171875,121242,0.0,0.0
2023-05-09 00:00:00+05:30,185.04168716522196,186.64356357991613,180.38166284909946,182.17770385742188,106927,0.0,0.0
2023-05-10 00:00:00+05:30,183.73103406055864,184.94458118117,180.72143127591946,181.30393981933594,52672,0.0,0.0
2023-05-11 00:00:00+05:30,182.0806239388518,184.2650088879118,180.76998704389237,181.88645935058594,37667,0.0,0.0
2023-05-12 00:00:00+05:30,181.8379074163577,184.45916629035375,180.7699800017851,181.9349822998047,29457,0.0,0.0
2023-05-15 00:00:00+05:30,183.24562392150057,183.29416877139374,179.6049823866363,181.3524932861328,51836,0.0,0.0
2023-05-16 00:00:00+05:30,180.4787195294675,186.4008353273705,180.18748007531443,182.42039489746094,128356,0.0,0.0
2023-05-17 00:00:00+05:30,183.29416592023955,186.2066791028266,181.5466550479257,185.33291625976562,82651,0.0,0.0
2023-05-18 00:00:00+05:30,186.7406619068485,186.7406619068485,182.51751143482733,183.87667846679688,128674,0.0,0.0
2023-05-19 00:00:00+05:30,184.94459204606417,190.2356548400009,181.5466599087349,188.48814392089844,272874,0.0,0.0
2023-05-22 00:00:00+05:30,188.3425156311419,196.1092173066529,186.93480391521712,192.95399475097656,510000,0.0,0.0
2023-05-23 00:00:00+05:30,193.68211650089773,193.68211650089773,186.400833925676,187.2745819091797,131481,0.0,0.0
2023-05-24 00:00:00+05:30,187.0318818754021,190.9637776260887,184.55625752664392,186.5464630126953,122615,0.0,0.0
2023-05-25 00:00:00+05:30,185.43001128301128,191.691911842634,182.71166260510597,190.13858032226562,136924,0.0,0.0
2023-05-26 00:00:00+05:30,191.5948417438082,193.19671815474356,168.6830642180236,171.4014129638672,824924,0.0,0.0
2023-05-29 00:00:00+05:30,170.8674337385603,178.6341352721312,168.39179466197305,177.5662078857422,371773,0.0,0.0
2023-05-30 00:00:00+05:30,177.56622268171978,183.43979416866867,176.7410194633011,178.77976989746094,278164,0.0,0.0
2023-05-31 00:00:00+05:30,179.55642528904656,186.15812445138786,177.37204051712675,185.62416076660156,307255,0.0,0.0
2023-06-01 00:00:00+05:30,183.77958206604615,186.40084092884646,183.2941632094606,184.36207580566406,108691,0.0,0.0
2023-06-02 00:00:00+05:30,185.43000563934814,188.29397396787488,179.8962335647051,181.59519958496094,173398,0.0,0.0
2023-06-05 00:00:00+05:30,183.48834722613157,186.40086067416541,183.48834722613157,184.99314880371094,80697,0.0,0.0
2023-06-06 00:00:00+05:30,184.9931436848858,191.6433736522632,184.2650153430249,185.13876342773438,150443,0.0,0.0
2023-06-07 00:00:00+05:30,185.38145297293906,188.7793848701632,185.38145297293906,186.93479919433594,72637,0.0,0.0
2023-06-08 00:00:00+05:30,187.37168606785883,192.5171291143493,186.69210260446766,188.05126953125,226749,0.0,0.0
2023-06-09 00:00:00+05:30,188.92502801680786,194.02192609481014,187.9056454384458,191.9346160888672,227521,0.0,0.0
2023-06-12 00:00:00+05:30,192.22587219887654,199.60424493607388,192.22587219887654,196.98297119140625,404709,0.0,0.0
2023-06-13 00:00:00+05:30,198.05090941167538,200.04112984646628,195.13839603797427,195.4781951904297,215481,0.0,0.0
2023-06-14 00:00:00+05:30,197.08006892318895,204.79822629510377,196.01214144192397,199.89549255371094,421104,0.0,0.0
2023-06-15 00:00:00+05:30,199.99256620028913,201.2061133252909,194.701503698043,197.37130737304688,121900,0.0,0.0
2023-06-16 00:00:00+05:30,197.85672585233976,202.90507892012684,197.37130700324855,198.58485412597656,237258,0.0,0.0
2023-06-19 00:00:00+05:30,199.16736173420387,199.16736173420387,193.68213428279603,195.62380981445312,128137,0.0,0.0
2023-06-20 00:00:00+05:30,194.1675497550414,197.41986213896172,192.90545771887196,193.7792205810547,105856,0.0,0.0
2023-06-21 00:00:00+05:30,198.05090990726225,199.41007689286687,193.196720938947,194.2646484375,138346,0.0,0.0
2023-06-22 00:00:00+05:30,197.17714827518182,199.50715289441084,193.77921623075147,197.66256713867188,172235,0.0,0.0
2023-06-23 00:00:00+05:30,197.95380150447122,201.74007743040656,192.71128383940103,199.45860290527344,226853,0.0,0.0
2023-06-26 00:00:00+05:30,200.28383964835328,200.28383964835328,194.9442317871281,195.91506958007812,52908,0.0,0.0
2023-06-27 00:00:00+05:30,197.4683806066926,197.4683806066926,193.29379038257377,194.41024780273438,71493,0.0,0.0
2023-06-28 00:00:00+05:30,193.43942751860664,195.9150668184949,188.7308583636465,189.99295043945312,113747,0.0,0.0
2023-06-30 00:00:00+05:30,190.72106273506742,195.72088576610497,188.5852227630607,194.07044982910156,181390,0.0,0.0
2023-07-03 00:00:00+05:30,195.13839371915424,196.78881498187786,192.75984412165766,194.94422912597656,109640,0.0,0.0
2023-07-04 00:00:00+05:30,197.9537897213055,197.9537897213055,191.30356074700612,191.8375244140625,78152,0.0,0.0
2023-07-05 00:00:00+05:30,191.69190314971618,193.92483284865753,190.57544570714944,191.74044799804688,58673,0.0,0.0
2023-07-06 00:00:00+05:30,192.51713502312668,195.81797755451305,191.30358779632158,195.381103515625,95311,0.0,0.0
2023-07-07 00:00:00+05:30,194.16754814569651,197.08006136788197,191.7404537938753,194.11900329589844,84119,0.0,0.0
2023-07-10 00:00:00+05:30,192.22586840427996,199.5071512983815,192.22586840427996,196.3519287109375,265354,0.0,0.0
2023-07-11 00:00:00+05:30,197.2256666640785,200.42943393668824,196.35191868691547,199.50714111328125,253057,0.0,0.0
2023-07-12 00:00:00+05:30,200.42945875560068,201.44884139772446,197.17716104782644,198.77903747558594,113127,0.0,0.0
2023-07-13 00:00:00+05:30,198.827567875384,199.9925701757823,192.2744132701096,194.70150756835938,140382,0.0,0.0
2023-07-14 00:00:00+05:30,195.623814450118,201.2061317359154,194.89568610849224,196.69174194335938,146941,0.0,0.0
2023-07-17 00:00:00+05:30,197.66256002546788,198.63339771751083,195.18692094799687,196.0606689453125,40409,0.0,0.0
2023-07-18 00:00:00+05:30,196.88590279885628,197.90528542053272,191.64336995043834,193.19671630859375,100164,0.0,0.0
2023-07-19 00:00:00+05:30,193.19669400596982,194.7985702166774,190.5754352912633,192.80836486816406,93832,0.0,0.0
2023-07-20 00:00:00+05:30,192.80838171495267,193.6335849083445,190.33274250716056,191.25503540039062,91151,0.0,0.0
2023-07-21 00:00:00+05:30,190.76962560402944,193.39088467246805,189.65316807181955,190.0900421142578,77131,0.0,0.0
2023-07-24 00:00:00+05:30,189.36190213607753,190.0900304333346,184.0222946228592,186.9833526611328,125750,0.0,0.0
2023-07-25 00:00:00+05:30,186.9833642866244,193.00255562209117,186.9833642866244,188.4396209716797,111280,0.0,0.0
2023-07-26 00:00:00+05:30,189.21627179819006,191.20649215106778,188.39106859789047,189.70169067382812,56535,0.0,0.0
2023-07-27 00:00:00+05:30,188.34251794617882,192.80837739001348,186.3037528057743,187.32313537597656,80300,0.0,0.0
2023-07-28 00:00:00+05:30,189.31334895791167,189.45896868543323,186.35229104991103,187.37167358398438,45290,0.0,0.0
2023-07-31 00:00:00+05:30,188.00272196512844,189.5075234212054,186.40084562357416,187.08042907714844,53720,0.0,0.0
2023-08-01 00:00:00+05:30,189.11918438328044,189.11918438328044,185.81832735931954,187.37167358398438,65018,0.0,0.0
2023-08-02 00:00:00+05:30,188.8279286170974,190.6725142821785,186.4008344189342,188.92501831054688,127689,0.0,0.0
2023-08-03 00:00:00+05:30,187.56583201390134,191.01230865247615,186.78915892701298,189.50750732421875,93599,0.0,0.0
2023-08-04 00:00:00+05:30,191.2550267480143,191.30357159573725,187.08042167857022,187.9056396484375,88376,0.0,0.0
2023-08-07 00:00:00+05:30,187.95418145994233,194.16753670911092,187.95418145994233,191.44918823242188,220485,0.0,0.0
2023-08-08 00:00:00+05:30,193.19670880119446,200.8663209637588,191.352123034646,197.32276916503906,364723,0.0,0.0
2023-08-09 00:00:00+05:30,199.0702651457608,201.40026960423796,195.1383696599994,199.41004943847656,248714,0.0,0.0
2023-08-10 00:00:00+05:30,199.4100512847417,202.0313248420568,194.5073329073949,196.206298828125,207207,0.0,0.0
2023-08-11 00:00:00+05:30,199.02173850950192,217.46765573721186,194.41025920257442,215.23472595214844,2157229,0.0,0.0
2023-08-14 00:00:00+05:30,217.85599254123653,225.18582076435501,215.52598778797125,219.3607940673828,1524717,0.0,0.0
2023-08-16 00:00:00+05:30,220.7684856853718,222.22474222634077,210.67177959351002,213.34158325195312,446880,0.0,0.0
2023-08-17 00:00:00+05:30,215.42890299692993,223.77811404518056,214.6036997509925,215.91432189941406,415729,0.0,0.0
2023-08-18 00:00:00+05:30,217.46765662238764,218.43849437516616,212.61346785849506,212.80763244628906,232216,0.0,0.0
2023-08-21 00:00:00+05:30,214.50660228134427,220.234554011631,213.58430936276682,216.3026580810547,234089,0.0,0.0
2023-08-22 00:00:00+05:30,215.52599139310132,228.2439724864161,215.52599139310132,226.59353637695312,1163771,0.0,0.0
2023-08-23 00:00:00+05:30,228.92355007546433,228.92355007546433,219.55495666793573,220.47726440429688,311310,0.0,0.0
2023-08-24 00:00:00+05:30,222.71017722465967,233.00106345267633,221.4480999820046,231.93313598632812,717597,0.0,0.0
2023-08-25 00:00:00+05:30,228.63228275966438,231.93312507780513,223.29267530667857,224.74893188476562,297575,0.0,0.0
2023-08-28 00:00:00+05:30,227.56435064271358,230.0885345847785,224.36059808814886,226.54498291015625,213569,0.0,0.0
2023-08-29 00:00:00+05:30,227.85563045799856,230.913778439916,224.40915327860395,226.6906280517578,142304,0.0,0.0
2023-08-30 00:00:00+05:30,228.1468777219198,231.05939105454004,224.60332575942203,226.3022918701172,169913,0.0,0.0
2023-08-31 00:00:00+05:30,226.44790016151217,232.9039651301971,224.89455387046516,230.23416137695312,239965,0.0,0.0
2023-09-01 00:00:00+05:30,230.23416409115723,236.59315425024718,228.19541372565755,231.2050018310547,392995,0.0,0.0
2023-09-04 00:00:00+05:30,234.3602229763204,239.36004619287579,228.4866665388162,229.45750427246094,420097,0.0,0.0
2023-09-05 00:00:00+05:30,231.93312661637944,233.87480206670932,224.5062239443909,231.01083374023438,191949,0.0,0.0
2023-09-06 00:00:00+05:30,232.3700063023476,232.41853633565023,225.52559764643124,227.2245635986328,163215,0.0,0.0
2023-09-07 00:00:00+05:30,228.43810941722603,228.43810941722603,222.46744878778156,224.70037841796875,148348,0.0,0.0
2023-09-08 00:00:00+05:30,226.98186911701353,227.90416201758177,222.51600953747152,223.92372131347656,130917,0.0,0.0
2023-09-11 00:00:00+05:30,224.2635138232635,226.1080995698797,220.380162934549,222.32183837890625,200137,0.0,0.0
2023-09-12 00:00:00+05:30,223.438302955162,224.94310443526047,209.31262549830535,211.15721130371094,253335,0.0,0.0
2023-09-13 00:00:00+05:30,213.53576451151352,218.1957887694629,210.57470635076797,216.3026580810547,168995,0.0,0.0
2023-09-14 00:00:00+05:30,218.24432964494005,219.89475086082473,213.05034174544133,217.32203674316406,115122,0.0,0.0
2023-09-15 00:00:00+05:30,218.8858505598515,223.77278633887806,217.46864216668266,218.93472290039062,112280,1.5,0.0
2023-09-18 00:00:00+05:30,220.84060847239292,221.28042967709638,214.34099033443067,215.41610717773438,129718,0.0,0.0
2023-09-20 00:00:00+05:30,216.78446213186135,218.44601722194173,214.0966476022849,216.5401153564453,130737,0.0,0.0
2023-09-21 00:00:00+05:30,215.22064744859452,220.59627677362806,214.04778585133607,214.38987731933594,103952,0.0,0.0
2023-09-22 00:00:00+05:30,215.80707095927116,216.0025453931679,211.50655884482634,215.41610717773438,68231,0.0,0.0
2023-09-25 00:00:00+05:30,215.61160537819623,215.807079820119,210.87127186441404,211.70205688476562,97603,0.0,0.0
2023-09-26 00:00:00+05:30,211.70207897658273,217.85960656529932,211.70207897658273,216.44239807128906,157767,0.0,0.0
2023-09-27 00:00:00+05:30,220.88949495951215,221.8668821053507,214.68308061793965,219.8632354736328,286560,0.0,0.0
2023-09-28 00:00:00+05:30,228.65970433899057,233.5955120747838,222.11121388700678,224.3592071533203,855814,0.0,0.0
2023-09-29 00:00:00+05:30,227.73121123383896,230.5167706414675,224.60357526402018,226.558349609375,400519,0.0,0.0
2023-10-03 00:00:00+05:30,226.75382128063876,227.68233610054764,222.89314497865266,225.97190856933594,178862,0.0,0.0
2023-10-04 00:00:00+05:30,225.43434454693423,231.93397816852882,223.6261872326707,230.028076171875,533099,0.0,0.0
2023-10-05 00:00:00+05:30,231.24981565610375,231.24981565610375,216.00256949122516,218.20169067382812,968387,0.0,0.0
2023-10-06 00:00:00+05:30,219.91210175156343,220.05870385390023,212.19074947778384,213.1681365966797,330180,0.0,0.0
2023-10-09 00:00:00+05:30,210.13823839019142,213.07039985610106,207.69477050193336,210.43145751953125,194679,0.0,0.0
2023-10-10 00:00:00+05:30,212.09301377128511,214.1455327732792,211.60432019116692,212.97265625,124306,0.0,0.0
2023-10-11 00:00:00+05:30,220.69402433660838,222.64879866215185,217.07769481710184,218.9835968017578,644993,0.0,0.0
2023-10-12 00:00:00+05:30,219.32566588313466,221.37818482047777,217.85958518895933,218.73924255371094,278098,0.0,0.0
2023-10-13 00:00:00+05:30,218.73923727671857,220.00984349709984,217.0776821794863,217.56637573242188,91517,0.0,0.0
2023-10-16 00:00:00+05:30,216.19803078458767,218.641498616497,214.0966544146433,215.26951599121094,155315,0.0,0.0
2023-10-17 00:00:00+05:30,215.5627313419352,217.66410767511033,215.1229101226362,216.14915466308594,125045,0.0,0.0
2023-10-18 00:00:00+05:30,218.0062179218084,219.9121199788763,212.6794606650691,213.75457763671875,256669,0.0,0.0
2023-10-19 00:00:00+05:30,213.559100408553,215.95369603450405,211.01788775627134,213.65684509277344,165469,0.0,0.0
2023-10-20 00:00:00+05:30,211.31109675444262,214.97629853064274,211.31109675444262,212.8260498046875,140456,0.0,0.0
2023-10-23 00:00:00+05:30,212.239611161663,215.02517047191043,196.55255951959398,199.82679748535156,276001,0.0,0.0
2023-10-25 00:00:00+05:30,200.95080478230196,203.19878330499634,195.9661243325352,199.92454528808594,177269,0.0,0.0
2023-10-26 00:00:00+05:30,198.50732269564583,201.34173927331653,195.08646790216713,200.95079040527344,167931,0.0,0.0
2023-10-27 00:00:00+05:30,200.95080842324398,207.59702925836046,200.70646163037222,205.54452514648438,123631,0.0,0.0
2023-10-30 00:00:00+05:30,202.80784295159432,205.54453008019618,200.46211964921847,202.71009826660156,101813,0.0,0.0
2023-10-31 00:00:00+05:30,202.71008211131382,205.34903925835224,200.36435899588392,202.1725311279297,101129,0.0,0.0
2023-11-01 00:00:00+05:30,203.58974495888472,206.3264319432331,201.5372259921874,205.3490447998047,108608,0.0,0.0
2023-11-02 00:00:00+05:30,205.74001142813373,209.69843268301557,203.24767101478253,207.9391326904297,110318,0.0,0.0
2023-11-03 00:00:00+05:30,207.74363675892482,211.9952618117434,206.13093905165377,208.23233032226562,154535,0.0,0.0
2023-11-06 00:00:00+05:30,210.0404934292161,215.80708658606588,207.93911701361273,214.92742919921875,538603,0.0,0.0
2023-11-07 00:00:00+05:30,215.51387696551092,217.95734495831718,213.5102302286608,216.73561096191406,206109,0.0,0.0
2023-11-08 00:00:00+05:30,216.7356040185972,217.2731699425422,212.9726574647269,213.51022338867188,168375,0.0,0.0
2023-11-09 00:00:00+05:30,213.5102265645004,220.79175807535185,208.18346941434706,209.1119842529297,544724,0.0,0.0
2023-11-10 00:00:00+05:30,209.11198603813898,210.04050088464842,204.56714157621406,206.66851806640625,164456,0.0,0.0
2023-11-13 00:00:00+05:30,210.7735307155155,210.87127539498536,208.18346076075034,208.33006286621094,112860,0.0,0.0
2023-11-15 00:00:00+05:30,208.81876010355901,210.92015143911425,207.98798996845116,209.94276428222656,124498,0.0,0.0
2023-11-16 00:00:00+05:30,210.13823750695104,211.79979268123387,209.1608503557559,209.4051971435547,90136,0.0,0.0
2023-11-17 00:00:00+05:30,210.13823784722223,211.115625,207.59702528450225,208.91650390625,70780,0.0,0.0
2023-11-20 00:00:00+05:30,209.25858536171245,217.7129778631802,208.47667269415768,212.58169555664062,347612,0.0,0.0
2023-11-21 00:00:00+05:30,214.24325095414736,216.58898896009683,211.45770664637098,214.58534240722656,163717,0.0,0.0
2023-11-22 00:00:00+05:30,214.0477903592163,215.80709024902728,209.35632895763524,212.0441436767578,140291,0.0,0.0
2023-11-23 00:00:00+05:30,213.41248782136827,213.55908992675853,209.7472860491699,210.82240295410156,84143,0.0,0.0
2023-11-24 00:00:00+05:30,209.16083791225992,214.7319413598845,209.16083791225992,211.99525451660156,83028,0.0,0.0
2023-11-28 00:00:00+05:30,212.97264590839723,218.44601970544048,212.67944170555947,217.1265411376953,263173,0.0,0.0
2023-11-29 00:00:00+05:30,218.9347256747159,219.81436816058968,214.82970255106392,215.02517700195312,197711,0.0,0.0
2023-11-30 00:00:00+05:30,215.90481757693482,219.42341731677737,213.9500432578544,215.46499633789062,442250,0.0,0.0
2023-12-01 00:00:00+05:30,216.9799534221345,223.0397509403641,215.12292375023577,216.58900451660156,670088,0.0,0.0
2023-12-04 00:00:00+05:30,217.9573211669922,223.82164370960183,216.97993407655724,217.9573211669922,436996,0.0,0.0
2023-12-05 00:00:00+05:30,219.37453225104608,227.1447567359234,219.03245571329614,223.03973388671875,867197,0.0,0.0
2023-12-06 00:00:00+05:30,224.75017154666415,224.75017154666415,218.73924655605884,219.37454223632812,270207,0.0,0.0
2023-12-07 00:00:00+05:30,220.30306350369275,220.84062943323875,216.49125948281159,217.07769775390625,196467,0.0,0.0
2023-12-08 00:00:00+05:30,218.2016717217703,218.39714616049685,213.21699150865345,214.58534240722656,231005,0.0,0.0
2023-12-11 00:00:00+05:30,215.66045709274528,221.86687112722,214.585340233767,220.49853515625,290390,0.0,0.0
2023-12-12 00:00:00+05:30,221.67141272769345,223.38184027202172,218.4949044310838,219.5211639404297,167225,0.0,0.0
2023-12-13 00:00:00+05:30,220.2053319764568,226.75382302059577,219.03247035737508,223.5284423828125,483802,0.0,0.0
2023-12-14 00:00:00+05:30,224.11487349791486,226.65607110588047,221.52478863660605,222.79539489746094,272351,0.0,0.0
2023-12-15 00:00:00+05:30,223.62618428732858,229.39276254253457,221.13384405664843,223.4307098388672,421091,0.0,0.0
2023-12-18 00:00:00+05:30,224.21260743229135,224.50582656159358,220.88949707018458,221.42706298828125,144158,0.0,0.0
2023-12-19 00:00:00+05:30,222.40445034226425,224.7990458918415,220.59627813807123,223.4307098388672,247165,0.0,0.0
2023-12-20 00:00:00+05:30,224.79903890416114,229.19728096967734,213.5590869589531,215.22064208984375,469617,0.0,0.0
2023-12-21 00:00:00+05:30,215.22064731460455,218.4460278903655,212.97265388824118,216.3935089111328,155342,0.0,0.0
2023-12-22 00:00:00+05:30,216.19801749609968,223.2352014367132,216.19801749609968,221.8179931640625,190232,0.0,0.0
2023-12-26 00:00:00+05:30,223.77277610134067,225.72755032352097,220.98723178298002,222.59991455078125,185861,0.0,0.0
2023-12-27 00:00:00+05:30,224.31035615102144,229.58824091848876,221.1338478395146,222.06236267089844,455817,0.0,0.0
2023-12-28 00:00:00+05:30,223.62619134061478,224.2126147044951,215.61161939095774,217.66412353515625,297063,0.0,0.0
2023-12-29 00:00:00+05:30,217.95733241924714,220.40080027148085,216.00255813746017,217.32203674316406,202631,0.0,0.0
2024-01-01 00:00:00+05:30,218.25056706497054,221.86689676069983,218.00622026237065,220.84063720703125,189580,0.0,0.0
2024-01-02 00:00:00+05:30,220.88949246021133,230.6633638080083,217.81072895115295,228.26876831054688,638594,0.0,0.0
2024-01-03 00:00:00+05:30,230.66336467674478,230.66336467674478,220.93836563180884,222.30670166015625,432992,0.0,0.0
2024-01-04 00:00:00+05:30,223.6750475863004,225.58094948080995,222.0623498957586,223.13748168945312,291692,0.0,0.0
2024-01-05 00:00:00+05:30,224.45694971468265,227.63345790523604,222.84426690651475,223.28408813476562,291045,0.0,0.0
2024-01-08 00:00:00+05:30,222.84426947102148,223.8216566178242,219.9121080306133,221.86688232421875,163659,0.0,0.0
2024-01-09 00:00:00+05:30,221.9646182833069,224.99450937110296,220.2053185054368,221.0849609375,173262,0.0,0.0
2024-01-10 00:00:00+05:30,221.47592222681584,223.3329517462986,219.47227569448327,222.50216674804688,152508,0.0,0.0
2024-01-11 00:00:00+05:30,224.01712675267143,224.9945138806619,218.9347166698697,219.22793579101562,186834,0.0,0.0
2024-01-12 00:00:00+05:30,219.91212140134093,220.8895086075691,217.46865338577047,218.2994384765625,193120,0.0,0.0
2024-01-15 00:00:00+05:30,220.4008032919835,221.5736648943804,218.39715664294386,219.4234161376953,154606,0.0,0.0
2024-01-16 00:00:00+05:30,220.3030492542174,220.8894874873805,215.61160304388753,217.1265411376953,106829,0.0,0.0
2024-01-17 00:00:00+05:30,217.90845860079338,224.3103473129533,212.28848257879127,214.78082275390625,329899,0.0,0.0
2024-01-18 00:00:00+05:30,214.04778362801912,217.175419492803,210.28483717408366,215.31838989257812,181534,0.0,0.0
2024-01-19 00:00:00+05:30,215.90480756472894,218.15280091017357,212.63056968035295,216.63784790039062,229401,0.0,0.0
2024-01-23 00:00:00+05:30,226.75381281330385,226.85155749122094,214.5364737608629,215.70933532714844,319284,0.0,0.0
2024-01-24 00:00:00+05:30,216.88220269593597,220.69402153052596,213.41249024320868,218.39715576171875,355546,0.0,0.0
2024-01-25 00:00:00+05:30,218.8369694701164,221.8668754974737,217.41976113360818,220.6451416015625,137901,0.0,0.0
2024-01-29 00:00:00+05:30,223.235222910135,232.2271967748252,221.9157591833288,228.51312255859375,645069,0.0,0.0
2024-01-30 00:00:00+05:30,230.85882882457798,235.55028986268303,228.41536108741323,233.44891357421875,933101,0.0,0.0
2024-01-31 00:00:00+05:30,235.59918258624435,244.2490501760225,235.50143790280265,241.1214141845703,1239297,0.0,0.0
2024-02-01 00:00:00+05:30,243.36940469991058,244.05357273439031,233.0090947592358,234.5240478515625,622736,0.0,0.0
2024-02-02 00:00:00+05:30,236.23446249298908,242.88069785155503,235.4036923942582,238.0915069580078,500876,0.0,0.0
2024-02-05 00:00:00+05:30,241.41462006531762,245.27529622936237,235.06160374780927,235.6968994140625,373660,0.0,0.0
2024-02-06 00:00:00+05:30,237.2118560470646,241.2191492891269,235.74577533612631,239.80194091796875,225314,0.0,0.0
2024-02-07 00:00:00+05:30,241.70784489829822,241.70784489829822,234.67066040918314,236.86978149414062,236951,0.0,0.0
2024-02-08 00:00:00+05:30,238.48246252276275,239.80194112926753,232.56926733401917,234.8172607421875,217492,0.0,0.0
2024-02-09 00:00:00+05:30,236.38109812198363,245.22644027002917,228.41538356664398,237.2118682861328,957642,0.0,0.0
2024-02-12 00:00:00+05:30,243.71150089413803,252.3613834592689,230.22355473908013,232.66702270507812,850305,0.0,0.0
2024-02-13 00:00:00+05:30,233.7421190243675,235.8923825755911,224.35921181161552,229.00180053710938,250349,0.0,0.0
2024-02-14 00:00:00+05:30,224.84791918341486,234.57291844451134,223.08861931233213,232.96023559570312,136899,0.0,0.0
2024-02-15 00:00:00+05:30,234.3774443408215,236.03899953283792,230.46789569431488,232.47154235839844,209778,0.0,0.0
2024-02-16 00:00:00+05:30,232.47154811376475,235.99013303448464,228.61085679876356,230.6633758544922,215167,0.0,0.0
2024-02-19 00:00:00+05:30,230.6633683173395,238.48246554843575,229.7348535038957,236.91864013671875,256888,0.0,0.0
2024-02-20 00:00:00+05:30,237.30959367842408,238.67792966916195,234.57290678320462,236.57655334472656,220274,0.0,0.0
2024-02-21 00:00:00+05:30,238.00260470720946,239.96956838247564,232.5442775069974,233.2327117919922,188593,1.5,0.0
2024-02-22 00:00:00+05:30,233.23272532176188,235.3472203993795,226.69257672480623,233.18356323242188,174589,0.0,0.0
2024-02-23 00:00:00+05:30,233.13438571166202,235.00299530546184,230.2331171289759,232.3967742919922,163592,0.0,0.0
2024-02-26 00:00:00+05:30,229.88888892583,239.969578172845,229.88888892583,236.96995544433594,198733,0.0,0.0
2024-02-27 00:00:00+05:30,237.9534275031333,238.29765214884128,231.95419730041118,232.83932495117188,125375,0.0,0.0
2024-02-28 00:00:00+05:30,233.08519168841573,233.92115723936197,225.21733711665485,226.15164184570312,163645,0.0,0.0
2024-02-29 00:00:00+05:30,224.23386807432925,226.15165473414277,217.693719591525,221.43093872070312,199342,0.0,0.0
2024-03-01 00:00:00+05:30,223.6437630690904,224.77477618233758,219.90654410494653,220.7916717529297,165671,0.0,0.0
2024-03-04 00:00:00+05:30,224.4305563002767,224.4305563002767,217.3986670400173,218.97222900390625,217638,0.0,0.0
2024-03-05 00:00:00+05:30,219.16893723532672,220.29993536508454,213.31720819679794,214.694091796875,254245,0.0,0.0
2024-03-06 00:00:00+05:30,215.6775684081143,215.6775684081143,197.77820209617883,201.76129150390625,630185,0.0,0.0
2024-03-07 00:00:00+05:30,206.33449821439487,207.31798007909003,198.76169085759054,200.38442993164062,294123,0.0,0.0
2024-03-11 00:00:00+05:30,202.30221939238623,205.40019631349674,193.84428424190517,194.6310577392578,249737,0.0,0.0
2024-03-12 00:00:00+05:30,194.7294019967779,196.20462473917775,188.82851102717856,190.10704040527344,197173,0.0,0.0
2024-03-13 00:00:00+05:30,191.09052585493907,192.02483060815018,177.0267324428529,178.94451904296875,412780,0.0,0.0
2024-03-14 00:00:00+05:30,179.48543891166992,188.14008225506052,179.48543891166992,185.97642517089844,188385,0.0,0.0
2024-03-15 00:00:00+05:30,185.92725213149293,190.45125976854058,184.7470768786432,186.46817016601562,219879,0.0,0.0
2024-03-18 00:00:00+05:30,188.2384298516204,188.2384298516204,182.6817631135814,183.4685516357422,206747,0.0,0.0
2024-03-19 00:00:00+05:30,183.41937420355512,185.87807895159207,182.43589230434034,183.0751495361328,140986,0.0,0.0
2024-03-20 00:00:00+05:30,183.12432039150596,185.77971842754047,180.96066328832018,181.74745178222656,154181,0.0,0.0
2024-03-21 00:00:00+05:30,183.22266651705135,185.632193980617,182.2391846946375,184.64871215820312,215206,0.0,0.0
2024-03-22 00:00:00+05:30,183.9111103780038,191.04135396217774,183.9111103780038,188.7793426513672,179865,0.0,0.0
2024-03-26 00:00:00+05:30,189.76281451543144,189.76281451543144,183.9111006770553,184.2553253173828,344848,0.0,0.0
2024-03-27 00:00:00+05:30,183.9111043994932,185.28797297518835,179.9771770326591,180.8623046875,423506,0.0,0.0
2024-03-28 00:00:00+05:30,181.25571084937786,185.58302505574946,180.6656157272625,181.74745178222656,267569,0.0,0.0
2024-04-01 00:00:00+05:30,182.73093260212667,192.02483317842814,182.73093260212667,191.04135131835938,199401,0.0,0.0
2024-04-02 00:00:00+05:30,192.074007272458,204.85927125363787,190.79547787299163,199.89268493652344,395397,0.0,0.0
2024-04-03 00:00:00+05:30,202.8923141410389,212.43208534257454,201.6137847001286,209.38328552246094,550567,0.0,0.0
2024-04-04 00:00:00+05:30,212.08786032114259,218.13628285587026,207.26880513679197,215.97262573242188,861187,0.0,0.0
2024-04-05 00:00:00+05:30,218.33298953700302,219.26729437376312,210.02257018885766,211.25192260742188,403196,0.0,0.0
2024-04-08 00:00:00+05:30,213.16969463316528,213.3172109104913,208.35063948844578,208.9407196044922,207219,0.0,0.0
2024-04-09 00:00:00+05:30,214.5957401363369,220.4966313316903,210.02255546263495,212.0386962890625,755056,0.0,0.0
2024-04-10 00:00:00+05:30,213.41556838482185,216.36601403069497,209.48164085699102,215.23501586914062,281870,0.0,0.0
2024-04-12 00:00:00+05:30,215.18584146422094,216.9561118752275,211.9403482118327,212.97300720214844,172780,0.0,0.0
2024-04-15 00:00:00+05:30,210.46511482428826,210.46511482428826,201.71213240672262,207.268798828125,235553,0.0,0.0
2024-04-16 00:00:00+05:30,206.38367576122607,207.41631971602496,203.58074643800586,205.05596923828125,177044,0.0,0.0
2024-04-18 00:00:00+05:30,207.0229252992441,210.46511170564483,201.0236801311061,201.76129150390625,202867,0.0,0.0
2024-04-19 00:00:00+05:30,201.66296034600623,203.58074699021776,197.63067867828562,202.3513946533203,264468,0.0,0.0
2024-04-22 00:00:00+05:30,203.3840616601695,208.30147120221062,201.07287317271297,202.94149780273438,170617,0.0,0.0
2024-04-23 00:00:00+05:30,202.94148681439248,205.44935353964968,202.94148681439248,204.22000122070312,145338,0.0,0.0
2024-04-24 00:00:00+05:30,204.2200097369134,208.0555981360204,204.2200097369134,205.9902801513672,172313,0.0,0.0
2024-04-25 00:00:00+05:30,205.5477086137684,207.41631814392395,200.82699268731906,201.90882873535156,296775,0.0,0.0
2024-04-26 00:00:00+05:30,202.744777779784,204.56422520861514,199.64681594879266,202.6464385986328,218667,0.0,0.0
2024-04-29 00:00:00+05:30,204.31835674470292,208.54733175087554,201.31873406551406,202.69561767578125,211825,0.0,0.0
2024-04-30 00:00:00+05:30,203.97413273709162,207.51467345272607,203.18735925072158,204.26918029785156,156658,0.0,0.0
2024-05-02 00:00:00+05:30,206.38368225097656,209.87503098268687,203.6299299358554,206.38368225097656,322981,0.0,0.0
2024-05-03 00:00:00+05:30,207.51467697334772,211.05521774904972,206.3836788124459,207.4654998779297,295152,0.0,0.0
2024-05-06 00:00:00+05:30,208.49815841694868,213.3172136229453,204.6625850902773,206.6787109375,248042,0.0,0.0
2024-05-07 00:00:00+05:30,208.59650534775452,208.59650534775452,201.71213243207603,203.77743530273438,95615,0.0,0.0
2024-05-08 00:00:00+05:30,201.8104760828467,204.22000365535925,197.18811430984957,201.1712188720703,165438,0.0,0.0
2024-05-09 00:00:00+05:30,201.61377749220077,202.10551841291345,194.2376636815105,194.8277587890625,176908,0.0,0.0
2024-05-10 00:00:00+05:30,196.54886295218503,213.12052389859656,191.97566313095086,205.9902801513672,1065891,0.0,0.0
2024-05-13 00:00:00+05:30,208.8915457632246,210.41594568188563,201.3187382721174,203.97413635253906,241837,0.0,0.0
2024-05-14 00:00:00+05:30,205.6460535657293,206.72787455842914,202.15469012034097,202.84312438964844,168765,0.0,0.0
2024-05-15 00:00:00+05:30,203.58075157977567,208.79320860707983,202.64644678401896,204.0233154296875,237541,0.0,0.0
2024-05-16 00:00:00+05:30,204.5642311083536,205.25266542323513,197.7782121367831,199.30259704589844,159799,0.0,0.0
2024-05-17 00:00:00+05:30,200.08938281580313,201.61378271081875,197.0405980325142,201.1712188720703,135308,0.0,0.0
2024-05-21 00:00:00+05:30,204.90845503421482,206.18696946866228,202.35139615183485,205.49853515625,155794,0.0,0.0
2024-05-22 00:00:00+05:30,206.67871353590124,207.21963157767917,202.84314016100836,204.0233154296875,89504,0.0,0.0
2024-05-23 00:00:00+05:30,204.8592713350378,205.00678760910552,202.69561427717298,203.77743530273438,57840,0.0,0.0
2024-05-24 00:00:00+05:30,203.48240661621094,204.7609361347398,201.61379693995266,203.48240661621094,90482,0.0,0.0
2024-05-27 00:00:00+05:30,203.92497643926012,204.3183631936145,199.30259953851098,200.53195190429688,115035,0.0,0.0
2024-05-28 00:00:00+05:30,201.220401778061,201.81048191118646,195.51620378405792,197.43399047851562,123811,0.0,0.0
2024-05-29 00:00:00+05:30,197.13894248467116,198.36829485113427,195.17197869833024,196.64720153808594,55641,0.0,0.0
2024-05-30 00:00:00+05:30,196.00794735627088,197.5815094057518,193.74593596547763,194.77859497070312,94423,0.0,0.0
2024-05-31 00:00:00+05:30,194.77858478613598,198.66333512005596,194.23766676342106,197.23728942871094,83764,0.0,0.0
2024-06-03 00:00:00+05:30,205.54772213228438,205.54772213228438,199.45013720434994,201.8596649169922,147498,0.0,0.0
2024-06-04 00:00:00+05:30,203.08900987183003,203.08900987183003,181.45240833584813,194.28684997558594,291836,0.0,0.0
2024-06-05 00:00:00+05:30,202.59726958614323,209.08825607072646,187.89421831412847,207.90806579589844,356968,0.0,0.0
2024-06-06 00:00:00+05:30,208.84238180454045,218.33297587948786,208.84238180454045,215.5792236328125,1398235,0.0,0.0
2024-06-07 00:00:00+05:30,215.57922394083323,223.25038556512433,213.16969634907795,219.8573760986328,1005189,0.0,0.0
2024-06-10 00:00:00+05:30,226.20083351216266,235.05217047568206,219.52299811709645,228.4628448486328,1671148,0.0,0.0
2024-06-11 00:00:00+05:30,231.1182481768156,233.47859875124334,226.44670911792252,228.04978942871094,548467,0.0,0.0
2024-06-12 00:00:00+05:30,228.16778830034522,234.26537274495433,227.18430645422305,229.79052734375,447383,0.0,0.0
2024-06-13 00:00:00+05:30,232.05254462205855,254.71196034264898,232.04271520576899,242.6053009033203,2959865,0.0,0.0
2024-06-14 00:00:00+05:30,243.55928235747317,247.64074117655892,236.57656999120897,238.09112548828125,645288,0.0,0.0
2024-06-18 00:00:00+05:30,240.48100058833285,242.89052826401186,233.3802600048794,235.76028442382812,813203,0.0,0.0
2024-06-19 00:00:00+05:30,236.76341855546363,239.31063286556102,232.59345023964926,233.58676147460938,456097,0.0,0.0
2024-06-20 00:00:00+05:30,234.9538204504498,238.68122526384252,231.1182470342802,234.24571228027344,422912,0.0,0.0
2024-06-21 00:00:00+05:30,235.05216299429077,238.98609040842115,233.8719877714001,235.18984985351562,402864,0.0,0.0
2024-06-24 00:00:00+05:30,235.05215615997938,236.98961655564491,231.56079268010413,234.7079315185547,177545,0.0,0.0
2024-06-25 00:00:00+05:30,234.06868842219922,235.7701078798508,229.63319052721428,231.95420837402344,203134,0.0,0.0
2024-06-26 00:00:00+05:30,233.97032687920594,240.6580064824751,233.7933073488619,238.06161499023438,1048320,0.0,0.0
2024-06-27 00:00:00+05:30,239.18279279845612,247.05064792344967,235.05217185918303,236.7339324951172,1227986,0.0,0.0
2024-06-28 00:00:00+05:30,240.95305770020076,243.70680993240867,237.12731383331217,237.76657104492188,316316,0.0,0.0
2024-07-01 00:00:00+05:30,237.7862474943303,244.3755730820116,234.11786428769864,241.24810791015625,551505,0.0,0.0
2024-07-02 00:00:00+05:30,239.96957213202515,244.88698139702566,237.3338479692211,241.552978515625,487878,0.0,0.0
2024-07-03 00:00:00+05:30,243.90349912231113,250.78787208140864,239.9695717171126,242.00538635253906,1105149,0.0,0.0
2024-07-04 00:00:00+05:30,244.44441235053787,255.60692213994804,239.49749993600412,251.200927734375,1600088,0.0,0.0
2024-07-05 00:00:00+05:30,252.16474653014677,252.7056795690219,245.0345029425371,249.9224090576172,514473,0.0,0.0
2024-07-08 00:00:00+05:30,251.6730091540273,255.70529089780516,242.23159203261548,244.95584106445312,447775,0.0,0.0
2024-07-09 00:00:00+05:30,245.77211431863188,246.5589028192083,239.96957726452277,241.13992309570312,269268,0.0,0.0
2024-07-10 00:00:00+05:30,240.9530548221809,241.54314993872802,233.92116555149576,238.0026092529297,303932,0.0,0.0
2024-07-11 00:00:00+05:30,238.9467678466532,244.16905430877804,238.9467678466532,240.72686767578125,233942,0.0,0.0
2024-07-12 00:00:00+05:30,240.90387644665205,241.77917469393785,232.10171687988614,234.00967407226562,338678,0.0,0.0
2024-07-15 00:00:00+05:30,238.98609820343302,240.64818499119417,233.4884380644867,236.62574768066406,313951,0.0,0.0
2024-07-16 00:00:00+05:30,237.0191372712569,237.93376823259408,228.57103137428555,229.85939025878906,477073,0.0,0.0
2024-07-18 00:00:00+05:30,229.10209161062198,233.7834747730093,224.08634323101808,224.78460693359375,391731,0.0,0.0
2024-07-19 00:00:00+05:30,227.34167137525836,228.5415204503601,215.5497184187303,216.7692413330078,312717,0.0,0.0
2024-07-22 00:00:00+05:30,215.3825253745751,221.28341648072782,212.17637994265925,218.63784790039062,156720,0.0,0.0
2024-07-23 00:00:00+05:30,220.2015779926972,229.98723430695262,211.44859561862305,221.912841796875,778681,0.0,0.0
2024-07-24 00:00:00+05:30,221.9718531863373,232.10171936328683,221.9718531863373,230.73468017578125,288296,0.0,0.0
2024-07-25 00:00:00+05:30,226.19098907901557,229.04308035299226,223.51591732932053,225.9844512939453,173092,0.0,0.0
2024-07-26 00:00:00+05:30,226.20083164587052,232.34759337537787,226.12215129492373,229.42665100097656,209633,0.0,0.0
2024-07-29 00:00:00+05:30,232.00337861217284,235.5439195220915,230.1839460666744,233.33108520507812,241163,0.0,0.0
2024-07-30 00:00:00+05:30,233.3310619709114,236.12414674019917,229.03325121642854,233.98016357421875,211562,0.0,0.0
2024-07-31 00:00:00+05:30,233.77363651864434,235.04233652940695,229.54466149400614,232.08204650878906,116513,0.0,0.0
2024-08-01 00:00:00+05:30,234.36373243829343,234.37356185455843,226.6040610903571,228.13829040527344,119337,0.0,0.0
2024-08-02 00:00:00+05:30,224.725605806082,228.69886593159055,224.24369429054764,226.39752197265625,144627,0.0,0.0
2024-08-05 00:00:00+05:30,233.57694012903144,243.2150652914936,227.1843080833948,230.06590270996094,2004045,0.0,0.0
2024-08-06 00:00:00+05:30,234.06868498315117,237.95343536702725,227.4301823628307,229.15127563476562,457918,0.0,0.0
2024-08-07 00:00:00+05:30,232.00336186896365,239.4778299141557,229.16109992938976,236.94044494628906,326540,0.0,0.0
2024-08-08 00:00:00+05:30,236.0356571075744,238.13047836656185,231.11824758449993,231.76734924316406,234654,0.0,0.0
2024-08-09 00:00:00+05:30,234.7079461654908,234.94398722063286,214.11384807179635,215.96278381347656,1036893,0.0,0.0
2024-08-12 00:00:00+05:30,215.67757541437683,221.51946007780577,210.46511854258128,219.2476043701172,354146,0.0,0.0
2024-08-13 00:00:00+05:30,219.24760672248667,222.19805234118834,214.38921887602152,215.1858367919922,218969,0.0,0.0
2024-08-14 00:00:00+05:30,216.3168405036805,216.32668492697775,212.432090007212,213.92698669433594,134116,0.0,0.0
2024-08-16 00:00:00+05:30,214.39904138030033,215.82508704868332,212.42224828192744,214.31053161621094,97549,0.0,0.0
2024-08-19 00:00:00+05:30,216.31684228947998,217.09380139923357,214.2121916102663,216.22833251953125,97599,0.0,0.0
2024-08-20 00:00:00+05:30,216.50369693948412,224.60759290122618,216.50369693948412,224.14535522460938,182440,0.0,0.0
2024-08-21 00:00:00+05:30,224.5190596602211,227.1843020140887,223.52574841747833,226.87942504882812,162867,0.0,0.0
2024-08-22 00:00:00+05:30,226.8794284839121,232.5934555836408,226.8794284839121,228.4431610107422,160509,0.0,0.0
2024-08-23 00:00:00+05:30,229.8888878449378,229.8888878449378,223.80113264916312,225.20751953125,112697,0.0,0.0
2024-08-26 00:00:00+05:30,226.5942095828772,229.1217651110045,222.75863641550566,225.01080322265625,153094,0.0,0.0
2024-08-27 00:00:00+05:30,225.65990618320458,229.15126973197144,223.39789493986677,226.13197326660156,115989,0.0,0.0
2024-08-28 00:00:00+05:30,226.2008389050475,227.5285454839265,221.4801227439414,223.93882751464844,209577,0.0,0.0
2024-08-29 00:00:00+05:30,224.92229483939855,224.92229483939855,216.36600579346012,217.123291015625,153088,0.0,0.0
2024-08-30 00:00:00+05:30,218.72636413979794,220.47696068590258,217.35932492667703,219.96556091308594,101768,0.0,0.0
2024-09-02 00:00:00+05:30,220.89003792663996,223.18153751849263,216.9659397932396,220.24093627929688,182796,0.0,0.0
2024-09-03 00:00:00+05:30,220.67367493789823,221.27359950101135,215.78576866304454,216.22833251953125,135603,0.0,0.0
2024-09-04 00:00:00+05:30,214.39904014529864,218.05759377400545,213.3172041235201,217.07411193847656,140127,0.0,0.0
2024-09-05 00:00:00+05:30,218.185458367587,220.67366629250702,216.1299698588224,219.3557891845703,154930,0.0,0.0
2024-09-06 00:00:00+05:30,221.5587963633824,224.2338682731453,212.03869898379406,214.05482482910156,190796,0.0,0.0
2024-09-09 00:00:00+05:30,213.41556124266236,213.41556124266236,208.73419304363756,211.71414184570312,127537,0.0,0.0
2024-09-10 00:00:00+05:30,211.84200134057753,219.8082109620331,211.84200134057753,218.2936553955078,107113,0.0,0.0
2024-09-11 00:00:00+05:30,219.2771272801616,220.2704385797614,215.382532419742,217.03477478027344,107720,0.0,0.0
2024-09-12 00:00:00+05:30,217.1036308304246,218.28380611671594,213.6909474147931,215.60873413085938,64601,0.0,0.0
2024-09-13 00:00:00+05:30,216.87215869753035,219.75714923211856,216.81247154134317,217.93663024902344,71521,2.5,0.0
2024-09-16 00:00:00+05:30,218.44398436151036,221.45830716158656,216.97164552889487,219.5382843017578,87633,0.0,0.0
2024-09-17 00:00:00+05:30,220.45354129300327,220.45354129300327,216.96169083500465,217.83714294433594,47041,0.0,0.0
2024-09-18 00:00:00+05:30,218.01621456976812,218.43405504493774,213.05204020546302,213.77825927734375,92274,0.0,0.0
2024-09-19 00:00:00+05:30,214.38509999454132,215.87733966967733,210.27646189811577,213.847900390625,101471,0.0,0.0
2024-09-20 00:00:00+05:30,214.83276475847276,215.379922331543,210.5351224696731,211.59957885742188,94396,0.0,0.0
2024-09-23 00:00:00+05:30,213.14156349331205,213.96727125514778,209.90837758267836,212.1865234375,90726,0.0,0.0
2024-09-24 00:00:00+05:30,212.19647592528537,215.06156565887937,211.7985362540596,212.99234008789062,74535,0.0,0.0
2024-09-25 00:00:00+05:30,212.89286391964058,214.2657293015333,209.90838451889795,211.91793823242188,103606,0.0,0.0
2024-09-26 00:00:00+05:30,212.89286129546895,212.89286129546895,211.40062161349135,211.88809204101562,48824,0.0,0.0
2024-09-27 00:00:00+05:30,213.24105199930636,214.08664535950314,211.10216606030974,212.41534423828125,61070,0.0,0.0
2024-09-30 00:00:00+05:30,212.41533972705244,213.78818985322937,206.078285160721,207.0333251953125,213218,0.0,0.0
2024-10-01 00:00:00+05:30,207.57053331690625,213.57929359288357,206.5558212644808,212.7535858154297,100506,0.0,0.0
2024-10-03 00:00:00+05:30,209.03292486193163,213.8876827036396,207.0233864004382,209.28163146972656,102182,0.0,0.0
2024-10-04 00:00:00+05:30,206.1280320452956,213.20124852810625,201.3230185951305,210.01780700683594,112150,0.0,0.0
2024-10-07 00:00:00+05:30,211.30112731022822,211.30112731022822,200.55701402789367,201.7408447265625,145139,0.0,0.0
2024-10-08 00:00:00+05:30,201.10415582502498,216.6632405112692,200.95493793315185,213.78819274902344,170836,0.0,0.0
2024-10-09 00:00:00+05:30,213.78819481398506,216.6035554466749,210.10734004037823,212.5944061279297,112063,0.0,0.0
2024-10-10 00:00:00+05:30,213.78819218620137,215.0317252146922,211.7090086057279,212.56455993652344,52209,0.0,0.0
2024-10-11 00:00:00+05:30,212.39544634634382,217.8669918025728,211.02258099250264,215.57888793945312,67987,0.0,0.0
2024-10-14 00:00:00+05:30,217.7078095965861,220.55301375827494,212.99234209200034,218.75238037109375,206325,0.0,0.0
2024-10-15 00:00:00+05:30,218.46389832656786,218.46389832656786,211.00269982060374,212.3258056640625,51934,0.0,0.0
2024-10-16 00:00:00+05:30,212.32580595954772,213.19131530974016,210.30630944217745,212.0970001220703,80266,0.0,0.0
2024-10-17 00:00:00+05:30,213.8777454616692,214.38510149000965,210.06755830966185,211.4304656982422,31389,0.0,0.0
2024-10-18 00:00:00+05:30,210.80372025216585,210.80372025216585,204.04885528551907,209.11251831054688,46904,0.0,0.0
2024-10-21 00:00:00+05:30,209.1125116935481,209.1125116935481,200.0098559682694,202.19847106933594,62904,0.0,0.0
2024-10-22 00:00:00+05:30,203.83992877339062,207.2621341102575,192.7973645441431,193.97125244140625,191607,0.0,0.0
2024-10-23 00:00:00+05:30,193.8916705401055,198.40819115892495,190.011853426888,195.02577209472656,104446,0.0,0.0
2024-10-24 00:00:00+05:30,196.42848186367982,198.74642934145893,193.00627640601195,197.7018585205078,71413,0.0,0.0
2024-10-25 00:00:00+05:30,198.06994213209504,198.21916002002106,189.01701582837643,189.912353515625,116238,0.0,0.0
2024-10-28 00:00:00+05:30,190.40976925717138,196.97562965080337,187.0273655270254,195.85147094726562,61905,0.0,0.0
2024-10-29 00:00:00+05:30,197.7217593964147,197.77150375550272,191.573739145283,197.06517028808594,40009,0.0,0.0
2024-10-30 00:00:00+05:30,197.92071662927486,202.9445931727058,195.78184586140318,201.41256713867188,72965,0.0,0.0
2024-10-31 00:00:00+05:30,202.44718513498952,205.92907775401883,200.97484622072864,204.8347625732422,30804,0.0,0.0
2024-11-01 00:00:00+05:30,206.77468416800153,211.38072031953175,202.8152639586352,210.0277557373047,29247,0.0,0.0
2024-11-04 00:00:00+05:30,207.91872207753892,209.59002317920428,202.15868377662858,204.1582794189453,88006,0.0,0.0
2024-11-05 00:00:00+05:30,204.7352900331051,207.91873169291227,201.95971568826036,206.2374725341797,51742,0.0,0.0
2024-11-06 00:00:00+05:30,206.5259741650977,210.90320441112576,206.5259741650977,209.00308227539062,73431,0.0,0.0
2024-11-07 00:00:00+05:30,209.8586333291465,211.58963678998188,206.7846232895972,209.86859130859375,74062,0.0,0.0
2024-11-08 00:00:00+05:30,209.8685849939966,215.360015817911,204.9342393480377,208.40618896484375,280652,0.0,0.0
2024-11-11 00:00:00+05:30,204.9342433064506,208.31664707549223,198.98518554237765,203.70065307617188,246507,0.0,0.0
2024-11-12 00:00:00+05:30,202.64614574658464,207.69986595704881,201.2036504235226,201.80055236816406,63126,0.0,0.0
2024-11-13 00:00:00+05:30,201.94976501024706,202.94459143886897,192.49891393833894,193.1057586669922,81594,0.0,0.0
2024-11-14 00:00:00+05:30,193.10576263130955,199.96011625803538,192.9863883149752,195.35406494140625,111716,0.0,0.0
2024-11-18 00:00:00+05:30,195.35406201568603,200.23866345050575,190.02179172146995,197.8709716796875,69619,0.0,0.0
2024-11-19 00:00:00+05:30,196.97563865416254,211.0325413611243,196.965695854329,208.475830078125,211240,0.0,0.0
2024-11-21 00:00:00+05:30,205.33216560042808,212.80332167822104,204.93424110711013,211.44039916992188,148593,0.0,0.0
2024-11-22 00:00:00+05:30,209.91832545571722,218.86182077864402,208.92349899763246,215.20086669921875,140921,0.0,0.0
2024-11-25 00:00:00+05:30,217.2203602651282,218.86181782689113,212.2064264832888,215.3998260498047,125954,0.0,0.0
2024-11-26 00:00:00+05:30,215.927082186591,218.61311054295834,210.9529499785601,213.13162231445312,69363,0.0,0.0
2024-11-27 00:00:00+05:30,213.88768358064607,216.65329985627784,211.67916767998375,214.27566528320312,69110,0.0,0.0
2024-11-28 00:00:00+05:30,215.07152606810357,218.81206794081143,214.13638680496499,214.9322509765625,138160,0.0,0.0
2024-11-29 00:00:00+05:30,215.7778545136326,221.89604639056472,213.39027706595243,218.64295959472656,163180,0.0,0.0
2024-12-02 00:00:00+05:30,218.86181822656536,223.0201854865436,217.91673613837457,219.57809448242188,114169,0.0,0.0
2024-12-03 00:00:00+05:30,220.10535461778548,222.7913830279992,218.87176434071935,221.2394561767578,128149,0.0,0.0
2024-12-04 00:00:00+05:30,222.34370528014375,222.42329321547214,218.52357546346016,219.1105194091797,72382,0.0,0.0
2024-12-05 00:00:00+05:30,219.0110286579478,220.85146359316272,216.87215794283546,220.30430603027344,69694,0.0,0.0
2024-12-06 00:00:00+05:30,219.85663603845646,220.85146244587028,216.8920575947202,219.5382843017578,62679,0.0,0.0
2024-12-09 00:00:00+05:30,217.86699245415306,222.75159396466745,216.67320375064764,217.8470916748047,70437,0.0,0.0
2024-12-10 00:00:00+05:30,218.81207536610142,220.85147263132404,217.85705047165328,218.8419189453125,59799,0.0,0.0
2024-12-11 00:00:00+05:30,220.8514688315581,225.92508972800553,219.85664239537988,220.36399841308594,161614,0.0,0.0
2024-12-12 00:00:00+05:30,218.16544274999566,221.71696527042454,214.87256964090784,219.57809448242188,124361,0.0,0.0
2024-12-13 00:00:00+05:30,219.5780953910975,222.34371170938124,217.5685417105258,219.9362335205078,174317,0.0,0.0
2024-12-16 00:00:00+05:30,220.8514618250335,226.91990896513732,220.36399142202637,224.2239227294922,334338,0.0,0.0
2024-12-17 00:00:00+05:30,224.73128391493807,226.91991419945782,218.86181406424473,220.28440856933594,201947,0.0,0.0
2024-12-18 00:00:00+05:30,220.45354814236933,228.2131823349058,220.00586409446785,220.52317810058594,309335,0.0,0.0
2024-12-19 00:00:00+05:30,218.86182063104104,222.44320194966963,215.9171276379634,219.20005798339844,113562,0.0,0.0
2024-12-20 00:00:00+05:30,218.86181719509904,224.54228285688626,216.97165302762556,218.17538452148438,122791,0.0,0.0
2024-12-23 00:00:00+05:30,218.36439483615544,223.3186260586188,210.1968634116708,211.002685546875,139660,0.0,0.0
2024-12-24 00:00:00+05:30,211.30113402194522,215.8474982302542,211.30113402194522,213.69866943359375,51625,0.0,0.0
2024-12-26 00:00:00+05:30,210.95294237754013,215.17099662286415,209.90837161552207,210.4953155517578,95361,0.0,0.0
2024-12-27 00:00:00+05:30,211.59958046959957,228.81008089459735,211.59958046959957,225.5868377685547,951588,0.0,0.0
2024-12-30 00:00:00+05:30,226.82042804267877,227.66603658758362,218.3644033130175,219.90638732910156,202959,0.0,0.0
2024-12-31 00:00:00+05:30,219.65768259305844,219.65768259305844,216.77267678806896,218.30471801757812,53476,0.0,0.0
2025-01-01 00:00:00+05:30,217.7675075376878,226.273276865856,217.5088581210326,223.050048828125,90114,0.0,0.0
2025-01-02 00:00:00+05:30,223.05004751952293,223.86579732409405,218.86182143921255,220.19488525390625,54210,0.0,0.0
2025-01-03 00:00:00+05:30,220.05561005338305,222.29396958978018,218.86182133660733,219.1503143310547,53251,0.0,0.0
2025-01-06 00:00:00+05:30,218.16544138157872,219.1503098423188,206.3468984139236,209.36122131347656,97766,0.0,0.0
2025-01-07 00:00:00+05:30,208.83396160834985,215.97682324342358,207.8192344030646,214.19607543945312,54718,0.0,0.0
2025-01-08 00:00:00+05:30,213.88768168351345,215.2108026522535,209.2517868931634,211.8781280517578,53225,0.0,0.0
2025-01-09 00:00:00+05:30,209.90837601449846,215.3600205819587,201.05442688961702,203.2430419921875,140524,0.0,0.0
2025-01-10 00:00:00+05:30,203.8896706146924,208.33654590187083,200.15907156033776,203.62106323242188,74665,0.0,0.0
2025-01-13 00:00:00+05:30,200.5570144380106,203.9991053864364,191.26532404151013,193.9215087890625,123625,0.0,0.0
2025-01-14 00:00:00+05:30,191.00667905510585,201.85028132535797,191.00667905510585,199.71141052246094,76444,0.0,0.0
2025-01-15 00:00:00+05:30,197.98039655609765,201.75079711579846,196.9756273560463,197.9107666015625,50784,0.0,0.0
2025-01-16 00:00:00+05:30,196.975634628604,202.93465045408288,196.975634628604,200.77587890625,47410,0.0,0.0
2025-01-17 00:00:00+05:30,198.96528960353933,207.2223521580556,198.96528960353933,206.30711364746094,50388,0.0,0.0
2025-01-20 00:00:00+05:30,205.23269976296206,206.42648846752778,202.94459589096707,205.8494873046875,17827,0.0,0.0
2025-01-21 00:00:00+05:30,205.84948856657616,208.9135558743144,199.96011776541522,201.9796142578125,70662,0.0,0.0
2025-01-22 00:00:00+05:30,202.11889206161828,205.33217730893656,199.9601204435851,203.0540313720703,86837,0.0,0.0
2025-01-23 00:00:00+05:30,203.05402889360622,207.05323550402107,200.17898103797253,205.11331176757812,43458,0.0,0.0
2025-01-24 00:00:00+05:30,202.05919738646637,207.58048712483816,200.95493943879202,202.09898376464844,63326,0.0,0.0
2025-01-27 00:00:00+05:30,198.67679611878134,201.0345299371703,189.11651336990693,191.40460205078125,118781,0.0,0.0
2025-01-28 00:00:00+05:30,191.80254387657186,200.17898081991694,185.41575984651104,195.2545928955078,127570,0.0,0.0
2025-01-29 00:00:00+05:30,192.99633046424387,203.44200814400966,192.99633046424387,202.76553344726562,88427,0.0,0.0
2025-01-30 00:00:00+05:30,203.3325793780904,205.92907704366087,200.57690583589292,204.88450622558594,59584,0.0,0.0
2025-01-31 00:00:00+05:30,206.68514089504762,207.71976891931897,199.9601194566727,201.6513214111328,64486,0.0,0.0
2025-02-01 00:00:00+05:30,203.49175694194332,204.71538924648394,195.9808140771296,200.14913940429688,42081,0.0,0.0
2025-02-03 00:00:00+05:30,201.94977022697938,203.74046088072495,197.5924254995063,198.4380340576172,41870,0.0,0.0
2025-02-04 00:00:00+05:30,202.94459935238487,218.86182283100328,200.51722034312002,217.3695831298828,612985,0.0,0.0
2025-02-05 00:00:00+05:30,214.88250934414813,223.5573970468737,213.99711442672952,218.32461547851562,297050,0.0,0.0
2025-02-06 00:00:00+05:30,217.07112029362966,220.49332558333003,215.43960558340584,216.71298217773438,117591,0.0,0.0
2025-02-07 00:00:00+05:30,216.87216784994615,217.488955396372,210.62465890792265,213.5196075439453,110597,0.0,0.0
2025-02-10 00:00:00+05:30,215.429660143573,215.429660143573,206.23745873482346,208.45591735839844,68104,0.0,0.0
2025-02-11 00:00:00+05:30,208.1176893333268,209.90837997094405,195.393865776306,199.40301513671875,98080,0.0,0.0
2025-02-12 00:00:00+05:30,201.9000157068066,202.61629193225517,193.8220301618379,200.81565856933594,92317,0.0,0.0
2025-02-13 00:00:00+05:30,197.82124636337355,200.70623700677376,191.04646546352325,194.03094482421875,132544,0.0,0.0
2025-02-14 00:00:00+05:30,194.41891822661614,195.742039174904,183.16743394633266,191.44439697265625,106172,0.0,0.0
2025-02-17 00:00:00+05:30,190.11133616331534,193.49373994124946,186.03254174300076,192.2899932861328,89665,0.0,0.0
2025-02-18 00:00:00+05:30,193.2899932861328,193.2899932861328,186.10000610351562,188.82000732421875,98601,1.0,0.0
2025-02-19 00:00:00+05:30,188.0,194.08999633789062,182.0,187.97000122070312,139797,0.0,0.0
2025-02-20 00:00:00+05:30,188.5500030517578,194.24000549316406,186.6199951171875,191.2100067138672,79926,0.0,0.0
2025-02-21 00:00:00+05:30,191.89999389648438,194.39999389648438,190.0,192.1699981689453,68319,0.0,0.0
2025-02-24 00:00:00+05:30,192.0,199.3800048828125,187.67999267578125,198.00999450683594,92726,0.0,0.0
2025-02-25 00:00:00+05:30,197.0,200.5500030517578,191.2100067138672,193.5800018310547,61478,0.0,0.0
2025-02-27 00:00:00+05:30,188.3000030517578,203.27999877929688,188.3000030517578,192.63999938964844,51091,0.0,0.0
2025-02-28 00:00:00+05:30,191.13999938964844,191.52999877929688,184.0500030517578,187.2100067138672,68619,0.0,0.0
2025-03-03 00:00:00+05:30,188.0,193.89999389648438,186.61000061035156,189.58999633789062,190507,0.0,0.0
2025-03-04 00:00:00+05:30,186.0500030517578,195.58999633789062,186.0500030517578,193.3800048828125,107137,0.0,0.0
2025-03-05 00:00:00+05:30,195.10000610351562,197.0,193.10000610351562,195.64999389648438,68667,0.0,0.0
2025-03-06 00:00:00+05:30,196.5500030517578,197.88999938964844,192.5,194.3699951171875,87788,0.0,0.0
2025-03-07 00:00:00+05:30,194.35000610351562,198.39999389648438,191.91000366210938,195.49000549316406,64009,0.0,0.0
2025-03-10 00:00:00+05:30,195.49000549316406,198.0500030517578,187.10000610351562,189.22000122070312,66325,0.0,0.0
2025-03-11 00:00:00+05:30,189.0,192.5,188.0,191.0,37972,0.0,0.0
2025-03-12 00:00:00+05:30,189.0,192.35000610351562,188.0,188.3699951171875,269897,0.0,0.0
2025-03-13 00:00:00+05:30,188.35000610351562,188.7899932861328,183.99000549316406,187.30999755859375,44477,0.0,0.0
2025-03-17 00:00:00+05:30,189.10000610351562,189.10000610351562,180.3000030517578,182.02000427246094,135279,0.0,0.0
2025-03-18 00:00:00+05:30,182.02000427246094,182.02000427246094,182.02000427246094,182.02000427246094,0,0.0,0.0
2025-03-19 00:00:00+05:30,184.9499969482422,187.39999389648438,183.9499969482422,186.1999969482422,159269,0.0,0.0
2025-03-20 00:00:00+05:30,187.9499969482422,189.24000549316406,185.1199951171875,185.64999389648438,94775,0.0,0.0
2025-03-21 00:00:00+05:30,185.64999389648438,192.64999389648438,185.64999389648438,190.74000549316406,172117,0.0,0.0
2025-03-24 00:00:00+05:30,190.74000549316406,194.8000030517578,190.74000549316406,191.30999755859375,80169,0.0,0.0
2025-03-25 00:00:00+05:30,192.61000061035156,194.0,189.0,189.88999938964844,106274,0.0,0.0
2025-03-26 00:00:00+05:30,190.6999969482422,193.19000244140625,187.0,188.22999572753906,87170,0.0,0.0
2025-03-27 00:00:00+05:30,185.0500030517578,189.9499969482422,182.99000549316406,184.1300048828125,141778,0.0,0.0
2025-03-28 00:00:00+05:30,185.1999969482422,188.0,181.8000030517578,182.2899932861328,162880,0.0,0.0
2025-04-01 00:00:00+05:30,181.89999389648438,189.89999389648438,181.8800048828125,187.32000732421875,58601,0.0,0.0
2025-04-02 00:00:00+05:30,185.05999755859375,191.17999267578125,184.10000610351562,190.0399932861328,52522,0.0,0.0
2025-04-03 00:00:00+05:30,191.1999969482422,193.77999877929688,189.41000366210938,193.1699981689453,38946,0.0,0.0
2025-04-04 00:00:00+05:30,193.0,194.08999633789062,186.4199981689453,187.89999389648438,36071,0.0,0.0
2025-04-07 00:00:00+05:30,186.88999938964844,192.39999389648438,179.2100067138672,190.50999450683594,126306,0.0,0.0
2025-04-08 00:00:00+05:30,191.0,194.50999450683594,191.0,193.60000610351562,53961,0.0,0.0
2025-04-09 00:00:00+05:30,191.0,194.0,191.0,192.9600067138672,18084,0.0,0.0
2025-04-11 00:00:00+05:30,194.85000610351562,196.86000061035156,192.80999755859375,193.27000427246094,50857,0.0,0.0
2025-04-15 00:00:00+05:30,196.0,208.4499969482422,195.52999877929688,206.14999389648438,167957,0.0,0.0
2025-04-16 00:00:00+05:30,206.89999389648438,213.7899932861328,205.55999755859375,210.74000549316406,130912,0.0,0.0
2025-04-17 00:00:00+05:30,210.14999389648438,214.1999969482422,208.25,210.6199951171875,43705,0.0,0.0
2025-04-21 00:00:00+05:30,211.8000030517578,213.88999938964844,208.1199951171875,211.05999755859375,44627,0.0,0.0
2025-04-22 00:00:00+05:30,212.8000030517578,214.00999450683594,209.0,213.10000610351562,54310,0.0,0.0
2025-04-23 00:00:00+05:30,213.10000610351562,218.89999389648438,210.14999389648438,213.4199981689453,67724,0.0,0.0
2025-04-24 00:00:00+05:30,213.4199981689453,215.60000610351562,211.22000122070312,212.3800048828125,41311,0.0,0.0
2025-04-25 00:00:00+05:30,212.8699951171875,213.60000610351562,206.99000549316406,209.6199951171875,69036,0.0,0.0
2025-04-28 00:00:00+05:30,207.0,212.39999389648438,207.0,209.97000122070312,43574,0.0,0.0
2025-04-29 00:00:00+05:30,207.05999755859375,214.47999572753906,207.05999755859375,212.1199951171875,90641,0.0,0.0
2025-04-30 00:00:00+05:30,211.97999572753906,214.0,208.52000427246094,209.4499969482422,63972,0.0,0.0
2025-05-02 00:00:00+05:30,209.9499969482422,221.60000610351562,209.9499969482422,214.94000244140625,231971,0.0,0.0
2025-05-05 00:00:00+05:30,215.89999389648438,217.77000427246094,214.0,215.92999267578125,99315,0.0,0.0
2025-05-06 00:00:00+05:30,217.97999572753906,218.10000610351562,204.50999450683594,207.63999938964844,68424,0.0,0.0
2025-05-07 00:00:00+05:30,202.91000366210938,211.57000732421875,202.91000366210938,210.38999938964844,64176,0.0,0.0
2025-05-08 00:00:00+05:30,211.47000122070312,212.2899932861328,205.0,205.27999877929688,38214,0.0,0.0
2025-05-09 00:00:00+05:30,200.05999755859375,205.75,197.0500030517578,201.49000549316406,77243,0.0,0.0
2025-05-12 00:00:00+05:30,203.39999389648438,211.19000244140625,203.39999389648438,209.5399932861328,50144,0.0,0.0
2025-05-13 00:00:00+05:30,210.6999969482422,212.47999572753906,202.10000610351562,211.42999267578125,153348,0.0,0.0
2025-05-14 00:00:00+05:30,212.4499969482422,215.10000610351562,211.5,213.9499969482422,95475,0.0,0.0
2025-05-15 00:00:00+05:30,216.60000610351562,221.0,213.8000030517578,220.10000610351562,164129,0.0,0.0
